_20_01,_20_02,_20_03,_20_05,_20_06,_20_07,_20_08,_20_09,_20_10,_20_11,_20_12,_21_01,_21_02,_21_03,_21_04,_21_05,_21_06,_21_07,_21_08,_21_09,stations
4097.0,3391.0,2225.0,562.0,919.0,1035.0,1207.0,1332.0,1330.0,1069.0,698.0,449.0,495.0,1005.0,1347.0,1547.0,2065.0,2405.0,2084.0,2567.0,Columbus Circle / Union Station
2522.0,2159.0,1710.0,1225.0,2042.0,2239.0,2460.0,2467.0,2388.0,1867.0,1308.0,1117.0,1004.0,1887.0,2277.0,2537.0,2869.0,3051.0,2815.0,3028.0,New Hampshire Ave & T St NW
2372.0,1973.0,1460.0,906.0,1489.0,1870.0,2019.0,1966.0,1956.0,1517.0,1046.0,1065.0,776.0,1289.0,1615.0,1866.0,1899.0,1703.0,1297.0,1481.0,14th & Irving St NW
2287.0,2110.0,1719.0,1117.0,1951.0,2250.0,2278.0,2179.0,2172.0,1695.0,1155.0,1183.0,876.0,1523.0,1921.0,2262.0,2643.0,2872.0,2637.0,2971.0,15th & P St NW
2020.0,1735.0,1685.0,1567.0,2413.0,2578.0,2383.0,2349.0,2210.0,1527.0,895.0,922.0,667.0,1301.0,1699.0,1883.0,2246.0,2588.0,2614.0,3183.0,1st & M St NE
1787.0,1631.0,1364.0,796.0,1421.0,1603.0,1571.0,1510.0,1396.0,96.0,,,,,,,,,,,Eastern Market Metro / Pennsylvania Ave & 7th St SE
1755.0,1657.0,1299.0,998.0,1678.0,1867.0,2117.0,1772.0,1758.0,1305.0,798.0,861.0,662.0,1178.0,1398.0,1774.0,1936.0,2252.0,1932.0,2241.0,14th & V St NW
1696.0,1471.0,1246.0,872.0,1675.0,1553.0,1743.0,1851.0,1701.0,1390.0,768.0,804.0,581.0,1250.0,1592.0,1919.0,2107.0,2233.0,1733.0,1828.0,Thomas Circle
1553.0,1347.0,1074.0,645.0,1024.0,1199.0,1490.0,1334.0,1259.0,1120.0,730.0,666.0,610.0,1075.0,1302.0,1536.0,1735.0,1902.0,1835.0,2206.0,17th & Corcoran St NW
1528.0,1370.0,1030.0,734.0,1339.0,1273.0,1422.0,1497.0,1375.0,1092.0,709.0,598.0,443.0,849.0,1178.0,1442.0,1749.0,2014.0,1935.0,2415.0,Massachusetts Ave & Dupont Circle NW
1526.0,1356.0,1148.0,889.0,1476.0,1635.0,1637.0,1716.0,1556.0,1314.0,856.0,880.0,684.0,1117.0,1425.0,1708.0,1830.0,1908.0,1777.0,2077.0,8th & O St NW
1481.0,1345.0,1015.0,908.0,1415.0,1618.0,1616.0,1436.0,1309.0,1014.0,619.0,664.0,529.0,869.0,1142.0,1407.0,1679.0,2022.0,1690.0,1952.0,14th & Rhode Island Ave NW
1472.0,1367.0,1179.0,1168.0,1763.0,2005.0,2125.0,1878.0,1883.0,1483.0,879.0,836.0,725.0,1210.0,1375.0,1676.0,1904.0,2323.0,2215.0,2104.0,11th & M St NW
1415.0,1283.0,1187.0,807.0,1659.0,1796.0,1709.0,1699.0,1510.0,1187.0,668.0,622.0,454.0,460.0,,,,,,,16th & Harvard St NW
1353.0,1403.0,1898.0,2067.0,2763.0,2996.0,3088.0,2950.0,2819.0,1657.0,826.0,529.0,558.0,2251.0,3011.0,3200.0,3369.0,4014.0,2817.0,3127.0,Lincoln Memorial
1349.0,1176.0,990.0,834.0,1283.0,1379.0,1284.0,1300.0,1259.0,970.0,567.0,627.0,471.0,999.0,1133.0,1374.0,1524.0,1635.0,1366.0,1478.0,5th St & Massachusetts Ave NW
1336.0,1276.0,1096.0,927.0,1308.0,1416.0,1513.0,1587.0,1453.0,1153.0,663.0,675.0,533.0,1051.0,1321.0,1644.0,1802.0,2013.0,1754.0,2233.0,3rd & M St NE
1321.0,1189.0,879.0,463.0,798.0,957.0,1054.0,1026.0,1147.0,959.0,649.0,710.0,501.0,856.0,909.0,1084.0,1204.0,1417.0,1246.0,1341.0,20th St & Florida Ave NW
1318.0,1161.0,861.0,635.0,1063.0,1138.0,1362.0,1401.0,1426.0,986.0,709.0,732.0,462.0,868.0,999.0,1359.0,1321.0,1380.0,1298.0,1488.0,Adams Mill & Columbia Rd NW
1293.0,1194.0,924.0,544.0,1019.0,1155.0,1306.0,1264.0,1323.0,1011.0,636.0,570.0,489.0,910.0,1092.0,1507.0,1577.0,1163.0,1100.0,1246.0,Columbia & Ontario Rd NW
1293.0,1136.0,904.0,515.0,880.0,1002.0,1138.0,1067.0,1091.0,823.0,560.0,494.0,424.0,777.0,926.0,1296.0,1334.0,1442.0,1268.0,1565.0,18th & New Hampshire Ave NW
1281.0,1089.0,984.0,839.0,1249.0,1478.0,1626.0,1637.0,1576.0,1195.0,723.0,794.0,588.0,1024.0,1425.0,1710.0,1865.0,2145.0,1852.0,1966.0,5th & K St NW
1277.0,1036.0,826.0,422.0,678.0,861.0,808.0,887.0,848.0,646.0,343.0,447.0,307.0,646.0,961.0,1045.0,1258.0,1321.0,972.0,1183.0,Convention Center / 7th & M St NW
1260.0,1289.0,914.0,714.0,1084.0,1296.0,1329.0,1368.0,1222.0,967.0,581.0,619.0,445.0,798.0,999.0,1225.0,1309.0,1767.0,1602.0,1958.0,6th & H St NE
1229.0,1006.0,799.0,555.0,1080.0,939.0,1016.0,620.0,669.0,519.0,288.0,287.0,246.0,478.0,540.0,629.0,635.0,541.0,508.0,682.0,12th & U St NW
1226.0,1110.0,952.0,820.0,1590.0,1613.0,1871.0,1738.0,1618.0,1302.0,754.0,684.0,597.0,1129.0,1365.0,1664.0,1775.0,1935.0,1731.0,1833.0,15th & W St NW
1226.0,1056.0,930.0,851.0,1269.0,1425.0,1508.0,1466.0,1379.0,966.0,636.0,641.0,484.0,844.0,898.0,1198.0,1230.0,1270.0,988.0,1127.0,Lamont & Mt Pleasant NW
1217.0,1080.0,1005.0,978.0,1427.0,1502.0,1583.0,1502.0,1391.0,1018.0,747.0,729.0,454.0,833.0,925.0,1185.0,985.0,1142.0,184.0,,15th & Euclid St  NW
1216.0,1200.0,833.0,433.0,876.0,1089.0,1236.0,1215.0,1213.0,966.0,565.0,571.0,453.0,893.0,988.0,1252.0,1536.0,1633.0,1324.0,1718.0,18th St & Wyoming Ave NW
1214.0,959.0,744.0,392.0,843.0,796.0,873.0,754.0,846.0,713.0,361.0,381.0,177.0,565.0,839.0,1099.0,1306.0,1707.0,1405.0,1614.0,8th & H St NW
1213.0,1008.0,783.0,424.0,966.0,667.0,754.0,659.0,603.0,557.0,295.0,265.0,226.0,422.0,513.0,616.0,740.0,834.0,811.0,1092.0,15th & M St NW
1164.0,1108.0,1492.0,2168.0,2245.0,2387.0,2453.0,2327.0,2075.0,1495.0,795.0,568.0,417.0,1872.0,2265.0,2682.0,2827.0,3727.0,2856.0,3308.0,4th St & Madison Dr NW
1160.0,1149.0,792.0,581.0,993.0,982.0,1021.0,980.0,991.0,725.0,393.0,406.0,317.0,609.0,813.0,931.0,1249.0,1381.0,1428.0,1910.0,17th St & Massachusetts Ave NW
1145.0,1041.0,1332.0,1561.0,2182.0,2119.0,2057.0,1908.0,1641.0,1205.0,797.0,651.0,513.0,989.0,1344.0,1568.0,1565.0,1827.0,1633.0,1954.0,4th & M St SW
1143.0,1013.0,866.0,211.0,,,,,,,,,,,,,,,,,21st & M St NW
1130.0,1015.0,729.0,257.0,1248.0,665.0,691.0,714.0,702.0,506.0,382.0,201.0,201.0,473.0,567.0,837.0,883.0,1206.0,1065.0,1110.0,Metro Center / 12th & G St NW
1122.0,1091.0,811.0,522.0,864.0,911.0,937.0,1021.0,917.0,760.0,511.0,607.0,431.0,752.0,903.0,977.0,1004.0,1213.0,1105.0,1546.0,22nd & I St NW / Foggy Bottom
1111.0,974.0,843.0,596.0,882.0,952.0,957.0,944.0,959.0,735.0,448.0,449.0,336.0,565.0,818.0,660.0,1046.0,1197.0,1267.0,1502.0,18th & R St NW
1083.0,963.0,711.0,551.0,1070.0,1109.0,1192.0,1418.0,1359.0,978.0,508.0,489.0,521.0,921.0,1150.0,1403.0,1460.0,1651.0,1529.0,1538.0,23rd & M St NW
1077.0,910.0,819.0,556.0,985.0,1093.0,1222.0,977.0,1015.0,813.0,541.0,494.0,418.0,726.0,821.0,1009.0,1124.0,942.0,914.0,1020.0,11th & Girard St NW
1075.0,951.0,834.0,571.0,1010.0,1137.0,1206.0,1158.0,1233.0,1001.0,663.0,620.0,482.0,830.0,1038.0,1216.0,1309.0,1303.0,1106.0,1110.0,14th & Belmont St NW
1065.0,967.0,851.0,580.0,926.0,958.0,914.0,1011.0,968.0,686.0,451.0,448.0,305.0,676.0,835.0,1064.0,1034.0,1293.0,1053.0,1283.0,Lincoln Park / 13th & East Capitol St NE 
1025.0,964.0,759.0,499.0,890.0,1117.0,1204.0,1224.0,1123.0,921.0,595.0,502.0,414.0,835.0,892.0,1058.0,990.0,806.0,751.0,892.0,Columbia Rd & Belmont St NW
1019.0,919.0,647.0,346.0,735.0,838.0,798.0,853.0,739.0,595.0,369.0,471.0,406.0,673.0,743.0,873.0,981.0,1299.0,1028.0,1218.0,12th & L St NW
1016.0,904.0,667.0,402.0,737.0,709.0,823.0,859.0,720.0,524.0,342.0,325.0,287.0,594.0,751.0,849.0,1010.0,1269.0,1138.0,1430.0,20th & O St NW / Dupont South
1011.0,1184.0,1522.0,1748.0,1474.0,1549.0,1880.0,2052.0,1687.0,1086.0,440.0,286.0,331.0,1680.0,1996.0,2046.0,2391.0,3172.0,2309.0,2525.0,Smithsonian-National Mall / Jefferson Dr & 12th St SW
1001.0,837.0,657.0,410.0,753.0,677.0,842.0,728.0,746.0,583.0,355.0,348.0,288.0,588.0,767.0,873.0,1078.0,1359.0,1121.0,1200.0,10th & K St NW
989.0,884.0,715.0,660.0,1089.0,1042.0,1082.0,1143.0,1085.0,762.0,477.0,452.0,333.0,668.0,917.0,1086.0,1377.0,1575.0,1409.0,1643.0,7th & T St NW
988.0,880.0,679.0,318.0,749.0,919.0,947.0,954.0,832.0,771.0,516.0,488.0,366.0,688.0,883.0,1148.0,1414.0,1579.0,1283.0,1435.0,California St & Florida Ave NW
986.0,954.0,728.0,410.0,714.0,774.0,951.0,952.0,968.0,903.0,556.0,273.0,303.0,539.0,832.0,1084.0,1228.0,1540.0,1303.0,1496.0,7th & F St NW / National Portrait Gallery
969.0,798.0,642.0,488.0,870.0,870.0,977.0,1016.0,1035.0,715.0,467.0,451.0,322.0,675.0,842.0,1041.0,1128.0,1272.0,1280.0,1467.0,New Hampshire Ave & 24th St NW
967.0,1108.0,1578.0,2092.0,2668.0,2345.0,2689.0,2409.0,2258.0,1596.0,798.0,490.0,354.0,1933.0,2386.0,2559.0,2822.0,3622.0,2617.0,2852.0,Jefferson Dr & 14th St SW
962.0,,,535.0,1393.0,1436.0,1535.0,1345.0,1367.0,1094.0,667.0,698.0,427.0,986.0,1267.0,1487.0,1750.0,2013.0,1652.0,1879.0,14th & R St NW
961.0,841.0,580.0,352.0,27.0,373.0,717.0,594.0,500.0,431.0,208.0,165.0,125.0,438.0,613.0,800.0,934.0,1203.0,913.0,1178.0,17th & G St NW
956.0,819.0,691.0,609.0,1019.0,1024.0,1140.0,1128.0,973.0,810.0,511.0,440.0,349.0,642.0,899.0,1021.0,1290.0,1328.0,1058.0,1258.0,1st & Rhode Island Ave NW
954.0,770.0,629.0,180.0,439.0,394.0,375.0,505.0,417.0,315.0,212.0,206.0,119.0,275.0,324.0,386.0,473.0,688.0,584.0,978.0,North Capitol St & F St NW
953.0,843.0,689.0,601.0,950.0,1076.0,1203.0,1155.0,971.0,800.0,453.0,394.0,325.0,613.0,747.0,956.0,999.0,1282.0,1023.0,1177.0,11th & O St NW
949.0,739.0,657.0,765.0,1108.0,1331.0,1398.0,1309.0,1226.0,968.0,544.0,576.0,453.0,917.0,1069.0,1166.0,1279.0,1537.0,1331.0,1471.0,4th St & K St NW
944.0,842.0,672.0,191.0,12.0,710.0,884.0,672.0,637.0,733.0,295.0,174.0,211.0,420.0,597.0,725.0,872.0,1133.0,1164.0,1124.0,17th & K St NW
934.0,777.0,654.0,611.0,1032.0,1129.0,1142.0,1126.0,1027.0,817.0,555.0,626.0,430.0,784.0,888.0,1069.0,1292.0,1297.0,1252.0,1601.0,3rd & H St NE
926.0,803.0,560.0,310.0,690.0,733.0,702.0,770.0,658.0,500.0,301.0,308.0,266.0,460.0,685.0,712.0,993.0,1086.0,1044.0,1098.0,18th & M St NW
922.0,831.0,684.0,716.0,946.0,1019.0,1100.0,1171.0,1050.0,873.0,482.0,445.0,300.0,872.0,1128.0,1399.0,1366.0,1654.0,1455.0,1620.0,M St & Pennsylvania Ave NW
921.0,878.0,721.0,401.0,902.0,1056.0,852.0,785.0,774.0,552.0,385.0,343.0,293.0,466.0,552.0,769.0,756.0,632.0,504.0,472.0,Columbia Rd & Georgia Ave NW
921.0,831.0,709.0,418.0,691.0,786.0,852.0,904.0,793.0,632.0,358.0,370.0,240.0,428.0,610.0,813.0,913.0,1180.0,1152.0,1351.0,Connecticut Ave & R St NW
912.0,778.0,505.0,322.0,992.0,797.0,834.0,695.0,601.0,636.0,329.0,435.0,227.0,453.0,546.0,723.0,866.0,904.0,763.0,828.0,14th & L St NW
912.0,802.0,569.0,207.0,478.0,475.0,556.0,624.0,402.0,309.0,220.0,229.0,192.0,384.0,466.0,596.0,808.0,923.0,893.0,929.0,Rhode Island & Connecticut Ave NW
910.0,825.0,689.0,425.0,653.0,694.0,651.0,765.0,649.0,516.0,256.0,329.0,242.0,466.0,539.0,534.0,655.0,804.0,663.0,966.0,2nd St & Massachusetts Ave NE
902.0,822.0,522.0,185.0,422.0,245.0,295.0,313.0,405.0,287.0,136.0,267.0,116.0,222.0,290.0,402.0,471.0,729.0,1039.0,2038.0,New Jersey Ave & F St NW
899.0,807.0,530.0,328.0,681.0,776.0,842.0,822.0,723.0,569.0,288.0,309.0,229.0,413.0,616.0,772.0,896.0,1034.0,873.0,1119.0,7th & R St NW / Shaw Library
863.0,835.0,779.0,903.0,1237.0,1248.0,1280.0,1373.0,1340.0,1004.0,637.0,540.0,382.0,970.0,1235.0,1363.0,1595.0,1977.0,1835.0,2130.0,1st & K St SE
858.0,821.0,759.0,663.0,907.0,1188.0,1115.0,1078.0,1033.0,782.0,447.0,494.0,409.0,721.0,883.0,1082.0,1051.0,1257.0,1091.0,1399.0,25th St & Pennsylvania Ave NW
857.0,936.0,1248.0,1625.0,1932.0,2051.0,2381.0,2088.0,2204.0,1543.0,625.0,443.0,444.0,1738.0,2121.0,2709.0,2566.0,3099.0,2494.0,2651.0,Henry Bacon Dr & Lincoln Memorial Circle NW
854.0,773.0,469.0,226.0,26.0,,442.0,495.0,498.0,218.0,237.0,185.0,143.0,360.0,531.0,663.0,760.0,839.0,774.0,949.0,17th & K St NW / Farragut Square
838.0,863.0,591.0,233.0,446.0,447.0,471.0,550.0,556.0,381.0,178.0,230.0,183.0,439.0,609.0,614.0,575.0,726.0,856.0,1823.0,21st & I St NW
835.0,828.0,761.0,721.0,976.0,1086.0,1144.0,1077.0,956.0,658.0,370.0,391.0,254.0,647.0,854.0,1017.0,964.0,957.0,823.0,1086.0,Woodley Park Metro / Calvert St & Connecticut Ave NW
834.0,910.0,695.0,440.0,657.0,732.0,851.0,756.0,747.0,584.0,375.0,373.0,269.0,509.0,638.0,796.0,847.0,929.0,922.0,1060.0,16th & R St NW
828.0,676.0,551.0,298.0,469.0,633.0,622.0,624.0,607.0,441.0,296.0,248.0,187.0,408.0,530.0,631.0,762.0,730.0,595.0,774.0,1st & O St NW
819.0,980.0,546.0,217.0,281.0,316.0,354.0,587.0,719.0,494.0,232.0,304.0,301.0,608.0,800.0,854.0,989.0,844.0,1314.0,2011.0,37th & O St NW / Georgetown University
812.0,766.0,606.0,456.0,788.0,863.0,878.0,947.0,975.0,814.0,589.0,511.0,446.0,659.0,703.0,808.0,635.0,663.0,725.0,704.0,14th & Newton St NW
809.0,725.0,609.0,462.0,677.0,856.0,827.0,818.0,864.0,650.0,414.0,346.0,210.0,517.0,598.0,669.0,839.0,1064.0,813.0,961.0,13th & H St NE
808.0,692.0,509.0,287.0,466.0,615.0,676.0,752.0,688.0,579.0,322.0,317.0,240.0,578.0,897.0,1082.0,1052.0,1458.0,1275.0,1274.0,7th & K St NW
799.0,668.0,546.0,404.0,531.0,742.0,756.0,734.0,805.0,605.0,445.0,435.0,265.0,581.0,703.0,915.0,1045.0,1320.0,1042.0,1055.0,Eastern Market / 7th & North Carolina Ave SE
798.0,820.0,689.0,550.0,899.0,991.0,923.0,804.0,890.0,685.0,490.0,531.0,373.0,549.0,599.0,680.0,746.0,770.0,758.0,912.0,Park Rd & Holmead Pl NW
791.0,649.0,549.0,337.0,668.0,864.0,1013.0,931.0,796.0,700.0,447.0,456.0,366.0,622.0,718.0,828.0,1032.0,815.0,697.0,885.0,11th & Park Rd NW
790.0,744.0,573.0,469.0,60.0,,171.0,549.0,523.0,168.0,145.0,81.0,164.0,454.0,607.0,679.0,824.0,983.0,908.0,871.0,Vermont Ave & I St NW
775.0,654.0,507.0,289.0,451.0,464.0,507.0,574.0,544.0,473.0,310.0,249.0,192.0,414.0,398.0,615.0,658.0,820.0,707.0,967.0,13th & D St NE
770.0,687.0,594.0,373.0,826.0,931.0,895.0,856.0,779.0,629.0,304.0,331.0,285.0,496.0,623.0,853.0,863.0,1009.0,876.0,992.0,10th & U St NW
769.0,760.0,700.0,485.0,770.0,933.0,838.0,888.0,747.0,628.0,345.0,394.0,282.0,524.0,690.0,786.0,981.0,964.0,857.0,874.0,11th & S St NW
759.0,724.0,621.0,720.0,900.0,882.0,1058.0,899.0,919.0,656.0,400.0,402.0,261.0,592.0,793.0,980.0,983.0,1131.0,1046.0,1279.0,22nd & P ST NW
758.0,601.0,569.0,385.0,585.0,713.0,725.0,787.0,794.0,540.0,382.0,217.0,230.0,615.0,685.0,761.0,763.0,855.0,828.0,1011.0,2nd & G St NE
756.0,672.0,911.0,1528.0,435.0,1846.0,1972.0,1721.0,1498.0,1010.0,509.0,284.0,199.0,1104.0,1307.0,1511.0,1734.0,2374.0,1738.0,1778.0,15th St & Constitution Ave NW
742.0,610.0,563.0,412.0,678.0,734.0,708.0,921.0,748.0,592.0,352.0,247.0,176.0,396.0,498.0,672.0,645.0,890.0,755.0,909.0,3rd St & Pennsylvania Ave SE
740.0,642.0,435.0,96.0,231.0,212.0,231.0,236.0,197.0,136.0,57.0,37.0,37.0,112.0,162.0,148.0,171.0,252.0,219.0,632.0,19th & G St NW
738.0,796.0,567.0,222.0,147.0,636.0,468.0,434.0,389.0,320.0,141.0,74.0,95.0,315.0,414.0,434.0,538.0,653.0,538.0,756.0,18th St & Pennsylvania Ave NW
735.0,667.0,583.0,454.0,570.0,725.0,672.0,774.0,723.0,508.0,270.0,137.0,5.0,160.0,536.0,767.0,852.0,1180.0,808.0,913.0,Washington & Independence Ave SW/HHS
734.0,637.0,518.0,215.0,386.0,504.0,477.0,840.0,704.0,492.0,251.0,260.0,206.0,602.0,712.0,731.0,1002.0,1428.0,1130.0,1158.0,4th & C St SW
734.0,678.0,703.0,854.0,1201.0,1093.0,996.0,1459.0,1032.0,701.0,381.0,302.0,102.0,620.0,1004.0,1053.0,1342.0,1794.0,1308.0,1220.0,Constitution Ave & 2nd St NW/DOL
726.0,748.0,696.0,471.0,873.0,850.0,922.0,897.0,882.0,693.0,374.0,427.0,417.0,613.0,911.0,1000.0,1018.0,855.0,756.0,987.0,11th & Kenyon St NW
726.0,668.0,472.0,341.0,464.0,777.0,793.0,783.0,772.0,574.0,376.0,381.0,308.0,613.0,673.0,747.0,814.0,981.0,810.0,935.0,3rd & G St SE
717.0,626.0,577.0,447.0,706.0,855.0,902.0,928.0,891.0,651.0,384.0,389.0,330.0,558.0,326.0,763.0,939.0,874.0,844.0,951.0,Florida Ave & R St NW
714.0,566.0,1233.0,1216.0,1370.0,1350.0,1343.0,1502.0,1246.0,957.0,436.0,351.0,245.0,1457.0,1928.0,1654.0,1880.0,2157.0,1581.0,1828.0,Jefferson Memorial
708.0,631.0,535.0,370.0,506.0,599.0,672.0,637.0,590.0,393.0,286.0,268.0,185.0,387.0,560.0,606.0,825.0,841.0,618.0,702.0,New Jersey Ave & N St NW/Dunbar HS
704.0,729.0,567.0,312.0,486.0,555.0,448.0,440.0,521.0,423.0,288.0,320.0,240.0,371.0,514.0,582.0,477.0,520.0,469.0,651.0,14th & Girard St NW
692.0,644.0,432.0,233.0,733.0,500.0,440.0,425.0,426.0,351.0,191.0,102.0,102.0,267.0,378.0,465.0,533.0,715.0,584.0,803.0,13th St & New York Ave NW
692.0,618.0,582.0,403.0,625.0,715.0,810.0,763.0,775.0,451.0,181.0,244.0,163.0,383.0,382.0,595.0,734.0,1017.0,848.0,755.0,4th & E St SW
691.0,646.0,595.0,484.0,793.0,799.0,746.0,960.0,740.0,625.0,438.0,378.0,226.0,422.0,500.0,635.0,652.0,1016.0,772.0,872.0,4th & East Capitol St NE
690.0,552.0,506.0,404.0,744.0,878.0,881.0,818.0,824.0,676.0,457.0,385.0,320.0,494.0,628.0,699.0,762.0,749.0,784.0,756.0,14th St & Spring Rd NW
683.0,649.0,519.0,218.0,423.0,415.0,475.0,552.0,481.0,327.0,170.0,152.0,180.0,330.0,459.0,472.0,561.0,540.0,547.0,855.0,20th & E St NW
682.0,671.0,427.0,204.0,100.0,516.0,474.0,408.0,378.0,328.0,175.0,118.0,101.0,258.0,405.0,495.0,601.0,702.0,639.0,599.0,14th & G St NW
680.0,604.0,483.0,261.0,2208.0,941.0,744.0,515.0,476.0,748.0,278.0,360.0,184.0,367.0,532.0,591.0,681.0,778.0,656.0,778.0,15th & L St NW
680.0,667.0,517.0,417.0,742.0,814.0,887.0,844.0,717.0,525.0,344.0,370.0,274.0,533.0,755.0,753.0,889.0,978.0,764.0,877.0,New Jersey Ave & R St NW
677.0,650.0,525.0,302.0,437.0,509.0,518.0,589.0,504.0,451.0,259.0,247.0,165.0,375.0,447.0,457.0,565.0,666.0,389.0,519.0,7th St & Massachusetts Ave NE
675.0,619.0,451.0,172.0,423.0,409.0,376.0,365.0,364.0,263.0,131.0,135.0,105.0,291.0,327.0,294.0,412.0,590.0,548.0,619.0,L'Enfant Plaza / 7th & C St SW
668.0,628.0,460.0,251.0,445.0,532.0,494.0,529.0,533.0,358.0,204.0,144.0,115.0,363.0,525.0,537.0,686.0,890.0,648.0,730.0,1st & D St SE
661.0,599.0,458.0,216.0,19.0,,308.0,369.0,335.0,135.0,166.0,124.0,71.0,266.0,373.0,313.0,499.0,641.0,495.0,630.0,15th & K St NW
657.0,528.0,501.0,474.0,794.0,787.0,796.0,786.0,675.0,478.0,317.0,308.0,229.0,455.0,429.0,676.0,729.0,832.0,668.0,753.0,4th & M St SE
656.0,569.0,522.0,498.0,840.0,742.0,808.0,782.0,698.0,585.0,333.0,369.0,267.0,477.0,584.0,834.0,910.0,866.0,801.0,799.0,Georgia & New Hampshire Ave NW
645.0,582.0,453.0,318.0,388.0,440.0,487.0,539.0,494.0,370.0,280.0,258.0,170.0,323.0,434.0,605.0,598.0,740.0,665.0,835.0,Maryland Ave & E St NE
641.0,590.0,524.0,315.0,419.0,448.0,482.0,498.0,467.0,391.0,227.0,219.0,203.0,414.0,491.0,660.0,705.0,876.0,647.0,803.0,D St & Maryland Ave NE
636.0,556.0,397.0,258.0,653.0,652.0,594.0,657.0,634.0,471.0,363.0,315.0,225.0,432.0,555.0,549.0,741.0,764.0,777.0,921.0,20th & L St NW
635.0,573.0,489.0,204.0,383.0,424.0,567.0,596.0,573.0,311.0,215.0,152.0,144.0,305.0,469.0,498.0,570.0,670.0,525.0,760.0,5th & F St NW
633.0,537.0,454.0,328.0,472.0,448.0,468.0,509.0,502.0,414.0,262.0,258.0,189.0,367.0,456.0,585.0,723.0,830.0,678.0,708.0,8th & F St NE
629.0,623.0,502.0,253.0,533.0,588.0,521.0,588.0,564.0,439.0,269.0,318.0,215.0,445.0,487.0,576.0,590.0,636.0,577.0,724.0,Calvert St & Woodley Pl NW
627.0,519.0,303.0,132.0,197.0,246.0,225.0,227.0,199.0,163.0,67.0,72.0,51.0,132.0,171.0,205.0,294.0,392.0,406.0,409.0,Crystal City Metro / 18th St & S Bell St
626.0,588.0,476.0,446.0,600.0,638.0,634.0,627.0,610.0,399.0,265.0,292.0,207.0,381.0,417.0,643.0,602.0,657.0,547.0,658.0,16th & Irving St NW
621.0,531.0,339.0,151.0,345.0,222.0,259.0,213.0,209.0,229.0,126.0,93.0,81.0,167.0,203.0,189.0,239.0,294.0,249.0,328.0,4th & D St NW / Judiciary Square
617.0,535.0,348.0,211.0,363.0,425.0,457.0,451.0,433.0,324.0,207.0,189.0,171.0,355.0,411.0,484.0,604.0,742.0,670.0,811.0,24th & N St NW
616.0,493.0,320.0,139.0,535.0,314.0,429.0,303.0,307.0,255.0,137.0,97.0,119.0,233.0,261.0,284.0,334.0,376.0,370.0,380.0,19th & K St NW
615.0,573.0,426.0,272.0,684.0,704.0,938.0,903.0,881.0,757.0,502.0,483.0,364.0,710.0,920.0,994.0,1188.0,1350.0,1257.0,1457.0,10th & Florida Ave NW
614.0,466.0,405.0,294.0,566.0,510.0,548.0,415.0,526.0,362.0,217.0,151.0,147.0,363.0,486.0,544.0,595.0,726.0,675.0,797.0,8th & D St NW
612.0,552.0,461.0,383.0,489.0,468.0,471.0,510.0,437.0,250.0,215.0,191.0,134.0,364.0,491.0,523.0,644.0,546.0,564.0,560.0,Court House Metro / 15th St & N Uhle St
612.0,496.0,456.0,513.0,556.0,694.0,736.0,665.0,566.0,398.0,231.0,181.0,142.0,452.0,706.0,858.0,912.0,950.0,885.0,922.0,C & O Canal & Wisconsin Ave NW
602.0,492.0,378.0,259.0,334.0,277.0,252.0,238.0,236.0,192.0,99.0,89.0,64.0,166.0,215.0,249.0,274.0,325.0,308.0,417.0,North Capitol St & G Pl NE
600.0,518.0,506.0,562.0,793.0,784.0,747.0,849.0,857.0,674.0,418.0,463.0,330.0,658.0,725.0,883.0,911.0,1039.0,918.0,986.0,3rd & Elm St NW
597.0,554.0,599.0,640.0,937.0,945.0,1063.0,1076.0,924.0,666.0,403.0,322.0,231.0,524.0,743.0,839.0,862.0,959.0,937.0,1253.0,Eckington Pl & Q St NE
597.0,532.0,441.0,244.0,330.0,499.0,486.0,571.0,518.0,419.0,278.0,286.0,220.0,400.0,513.0,518.0,649.0,732.0,539.0,667.0,3rd & D St SE
590.0,528.0,492.0,534.0,572.0,779.0,830.0,809.0,855.0,582.0,307.0,325.0,298.0,591.0,839.0,992.0,1002.0,1322.0,1149.0,1255.0,Potomac & M St NW
588.0,472.0,426.0,284.0,440.0,473.0,567.0,555.0,510.0,472.0,275.0,240.0,165.0,366.0,486.0,558.0,586.0,656.0,572.0,737.0,11th & H St NE
577.0,526.0,370.0,314.0,456.0,403.0,416.0,477.0,432.0,364.0,251.0,326.0,241.0,489.0,579.0,645.0,597.0,726.0,650.0,871.0,Massachusetts Ave & 6th St NE
563.0,460.0,426.0,335.0,487.0,614.0,616.0,641.0,529.0,444.0,334.0,308.0,253.0,456.0,574.0,599.0,599.0,726.0,615.0,798.0,23rd & E St NW 
561.0,512.0,405.0,179.0,85.0,395.0,356.0,380.0,368.0,291.0,138.0,94.0,89.0,240.0,414.0,421.0,521.0,604.0,470.0,648.0,14th & D St NW / Ronald Reagan Building
557.0,481.0,322.0,132.0,185.0,230.0,209.0,240.0,226.0,147.0,76.0,78.0,66.0,124.0,182.0,218.0,270.0,393.0,310.0,308.0,Braddock Rd Metro
555.0,529.0,355.0,199.0,170.0,737.0,462.0,301.0,282.0,290.0,148.0,92.0,79.0,199.0,322.0,278.0,451.0,611.0,485.0,537.0,14th St & New York Ave NW
554.0,424.0,307.0,221.0,503.0,476.0,594.0,578.0,549.0,397.0,297.0,298.0,208.0,397.0,442.0,608.0,651.0,683.0,588.0,800.0,Georgia Ave & Morton St NW
553.0,475.0,406.0,281.0,470.0,591.0,623.0,634.0,636.0,474.0,251.0,267.0,224.0,325.0,475.0,580.0,686.0,749.0,588.0,868.0,7th & S St NW
550.0,435.0,414.0,334.0,533.0,517.0,509.0,574.0,514.0,441.0,218.0,180.0,178.0,361.0,507.0,654.0,648.0,864.0,679.0,876.0,6th St & Indiana Ave NW
547.0,473.0,388.0,298.0,422.0,427.0,481.0,469.0,434.0,385.0,222.0,218.0,176.0,389.0,423.0,554.0,515.0,640.0,521.0,501.0,8th & East Capitol St NE
537.0,461.0,566.0,817.0,1336.0,1566.0,1448.0,1272.0,985.0,722.0,384.0,360.0,265.0,885.0,1002.0,1183.0,1330.0,1631.0,1288.0,1436.0,Maine Ave & 7th St SW
537.0,504.0,543.0,750.0,912.0,835.0,846.0,718.0,704.0,531.0,230.0,250.0,186.0,496.0,584.0,677.0,595.0,664.0,550.0,577.0,Lynn St & 19th St North
535.0,458.0,432.0,394.0,511.0,580.0,609.0,558.0,453.0,321.0,213.0,178.0,179.0,292.0,357.0,446.0,453.0,570.0,466.0,543.0,15th St & Massachusetts Ave SE
527.0,575.0,1138.0,1306.0,1299.0,1259.0,1314.0,1298.0,1202.0,759.0,474.0,199.0,237.0,1492.0,2028.0,1715.0,1700.0,2101.0,1625.0,1630.0,17th St & Independence Ave SW
521.0,461.0,484.0,443.0,680.0,655.0,725.0,594.0,494.0,448.0,363.0,415.0,281.0,427.0,469.0,623.0,617.0,778.0,756.0,953.0,1st & H St NW
517.0,608.0,423.0,354.0,589.0,639.0,751.0,706.0,627.0,501.0,298.0,291.0,261.0,608.0,723.0,910.0,903.0,1062.0,861.0,1012.0,Wisconsin Ave & O St NW
515.0,500.0,372.0,98.0,289.0,256.0,288.0,261.0,314.0,235.0,117.0,139.0,101.0,230.0,279.0,307.0,359.0,529.0,401.0,559.0,21st St & Pennsylvania Ave NW
510.0,518.0,487.0,295.0,39.0,2.0,420.0,539.0,565.0,478.0,222.0,153.0,145.0,458.0,679.0,779.0,835.0,1139.0,870.0,922.0,New York Ave & 15th St NW
509.0,432.0,498.0,537.0,754.0,748.0,636.0,680.0,715.0,526.0,368.0,308.0,252.0,444.0,572.0,689.0,776.0,978.0,800.0,912.0,Potomac & Pennsylvania Ave SE
509.0,425.0,369.0,387.0,402.0,443.0,486.0,331.0,311.0,211.0,121.0,112.0,89.0,244.0,269.0,442.0,394.0,317.0,412.0,474.0,Ballston Metro / Stuart St & 9th St N
507.0,497.0,541.0,420.0,17.0,577.0,709.0,591.0,594.0,440.0,234.0,191.0,107.0,432.0,764.0,804.0,1123.0,1413.0,948.0,964.0,15th St & Pennsylvania Ave NW
506.0,467.0,330.0,179.0,575.0,519.0,575.0,507.0,516.0,377.0,267.0,261.0,235.0,426.0,434.0,606.0,682.0,719.0,658.0,749.0,18th & L St NW
490.0,499.0,421.0,335.0,364.0,441.0,433.0,477.0,456.0,338.0,288.0,209.0,166.0,288.0,341.0,450.0,509.0,583.0,570.0,595.0,15th & East Capitol St NE
488.0,462.0,396.0,255.0,747.0,531.0,555.0,571.0,568.0,453.0,220.0,154.0,142.0,352.0,482.0,635.0,811.0,946.0,855.0,982.0,10th & E St NW
487.0,510.0,494.0,422.0,619.0,766.0,672.0,720.0,565.0,392.0,213.0,238.0,199.0,377.0,455.0,551.0,768.0,950.0,712.0,882.0,1st & M St SE
479.0,597.0,696.0,751.0,1478.0,1443.0,1575.0,1301.0,1142.0,781.0,363.0,337.0,266.0,978.0,1238.0,1156.0,1398.0,1832.0,1391.0,1609.0,Maine Ave & 9th St SW
477.0,536.0,433.0,380.0,729.0,857.0,709.0,753.0,762.0,571.0,380.0,371.0,310.0,574.0,664.0,770.0,763.0,758.0,593.0,702.0,14th & Otis Pl NW
473.0,463.0,496.0,516.0,641.0,701.0,787.0,829.0,660.0,564.0,357.0,356.0,285.0,497.0,503.0,469.0,422.0,395.0,473.0,488.0,Wisconsin Ave & Newark St NW
465.0,431.0,353.0,252.0,371.0,479.0,414.0,406.0,490.0,389.0,254.0,245.0,185.0,225.0,272.0,341.0,313.0,281.0,428.0,471.0,14th & Harvard St NW
460.0,405.0,231.0,158.0,251.0,237.0,187.0,192.0,165.0,126.0,92.0,74.0,69.0,139.0,162.0,199.0,259.0,243.0,307.0,370.0,Takoma Metro
458.0,371.0,296.0,305.0,339.0,417.0,428.0,421.0,354.0,207.0,155.0,150.0,89.0,198.0,320.0,329.0,349.0,511.0,392.0,465.0,15th & F St NE
450.0,440.0,489.0,856.0,1146.0,1046.0,1051.0,1002.0,765.0,529.0,210.0,214.0,149.0,602.0,944.0,968.0,945.0,1136.0,737.0,894.0,Georgetown Harbor / 30th St NW
450.0,373.0,311.0,108.0,305.0,285.0,274.0,218.0,223.0,229.0,82.0,50.0,63.0,161.0,204.0,229.0,225.0,322.0,343.0,429.0,19th St & Pennsylvania Ave NW
443.0,397.0,328.0,132.0,209.0,270.0,360.0,373.0,338.0,270.0,161.0,164.0,173.0,296.0,366.0,434.0,438.0,457.0,484.0,547.0,US Dept of State / Virginia Ave & 21st St NW
443.0,440.0,407.0,277.0,461.0,455.0,622.0,812.0,731.0,474.0,238.0,244.0,216.0,480.0,586.0,769.0,745.0,582.0,679.0,633.0,39th & Calvert St NW / Stoddert
440.0,350.0,299.0,207.0,212.0,242.0,333.0,456.0,379.0,239.0,190.0,198.0,130.0,251.0,356.0,454.0,540.0,650.0,454.0,638.0,6th & K St NE
440.0,405.0,334.0,284.0,523.0,554.0,588.0,587.0,583.0,405.0,244.0,172.0,221.0,438.0,611.0,581.0,641.0,781.0,707.0,763.0,3rd & H St NW
433.0,431.0,260.0,128.0,362.0,313.0,368.0,355.0,349.0,304.0,200.0,251.0,135.0,234.0,354.0,498.0,556.0,635.0,561.0,611.0,10th & G St NW
416.0,359.0,396.0,616.0,911.0,849.0,897.0,833.0,694.0,469.0,252.0,246.0,220.0,414.0,515.0,760.0,786.0,983.0,838.0,790.0,3rd & Tingey St SE
414.0,409.0,322.0,258.0,464.0,392.0,469.0,402.0,471.0,371.0,118.0,106.0,63.0,304.0,393.0,488.0,607.0,1042.0,958.0,875.0,10th St & Constitution Ave NW
411.0,348.0,255.0,103.0,398.0,316.0,280.0,258.0,344.0,280.0,201.0,203.0,94.0,231.0,296.0,396.0,535.0,657.0,551.0,440.0,11th & F St NW
410.0,429.0,1074.0,1554.0,1804.0,1468.0,1450.0,1335.0,998.0,762.0,309.0,318.0,173.0,1036.0,1237.0,1187.0,1125.0,1153.0,908.0,968.0,Gravelly Point
408.0,377.0,260.0,284.0,574.0,581.0,727.0,765.0,747.0,537.0,306.0,303.0,239.0,540.0,733.0,971.0,942.0,1232.0,990.0,1006.0,Union Market
396.0,363.0,330.0,305.0,445.0,457.0,484.0,453.0,537.0,316.0,224.0,221.0,203.0,287.0,502.0,483.0,480.0,590.0,499.0,671.0,North Capitol & R St NE
386.0,361.0,397.0,130.0,292.0,301.0,379.0,386.0,314.0,206.0,109.0,57.0,77.0,343.0,590.0,667.0,840.0,1001.0,707.0,507.0,10th St & L'Enfant Plaza SW
386.0,408.0,289.0,144.0,213.0,268.0,305.0,277.0,224.0,181.0,82.0,103.0,58.0,126.0,193.0,257.0,323.0,319.0,272.0,183.0,Lincoln Rd & Seaton Pl NE/Harry Thomas Rec Center
385.0,358.0,341.0,215.0,252.0,226.0,240.0,251.0,319.0,182.0,138.0,88.0,57.0,232.0,411.0,431.0,438.0,600.0,502.0,493.0,Independence Ave & L'Enfant Plaza SW/DOE
385.0,356.0,288.0,457.0,554.0,584.0,614.0,591.0,426.0,366.0,118.0,105.0,105.0,331.0,201.0,,,,,,31st & Water St NW
384.0,307.0,290.0,212.0,417.0,454.0,484.0,425.0,348.0,236.0,125.0,112.0,107.0,200.0,291.0,366.0,414.0,439.0,397.0,441.0,4th & W St NE
379.0,352.0,507.0,481.0,537.0,641.0,562.0,505.0,390.0,248.0,148.0,137.0,101.0,385.0,401.0,479.0,486.0,887.0,563.0,443.0,22nd St & Constitution Ave NW
372.0,316.0,325.0,303.0,396.0,490.0,438.0,533.0,505.0,386.0,263.0,262.0,177.0,343.0,409.0,537.0,534.0,666.0,564.0,613.0,11th & C St SE
371.0,312.0,309.0,264.0,312.0,284.0,359.0,297.0,257.0,158.0,135.0,108.0,75.0,182.0,271.0,368.0,373.0,358.0,327.0,371.0,Virginia Square Metro / Monroe St & 9th St N
371.0,346.0,348.0,306.0,460.0,440.0,427.0,565.0,538.0,440.0,240.0,329.0,238.0,379.0,428.0,577.0,542.0,478.0,561.0,746.0,34th St & Wisconsin Ave NW
368.0,389.0,327.0,313.0,516.0,532.0,515.0,474.0,401.0,355.0,208.0,199.0,156.0,250.0,354.0,481.0,526.0,610.0,569.0,599.0,M St & New Jersey Ave SE
367.0,321.0,326.0,236.0,357.0,403.0,374.0,359.0,315.0,256.0,130.0,94.0,56.0,278.0,354.0,438.0,423.0,635.0,495.0,494.0,USDA / 12th & C St SW
359.0,303.0,320.0,311.0,295.0,347.0,430.0,454.0,336.0,277.0,167.0,147.0,93.0,237.0,375.0,413.0,398.0,646.0,483.0,613.0,Kennedy Center
358.0,341.0,391.0,390.0,517.0,516.0,584.0,577.0,487.0,386.0,241.0,206.0,155.0,331.0,339.0,485.0,491.0,554.0,493.0,514.0,3000 Connecticut Ave NW / National Zoo
349.0,339.0,234.0,132.0,271.0,287.0,318.0,209.0,151.0,129.0,91.0,98.0,40.0,165.0,216.0,209.0,229.0,327.0,296.0,382.0,7th & E St SW
342.0,345.0,292.0,276.0,363.0,372.0,336.0,386.0,348.0,240.0,140.0,124.0,106.0,255.0,372.0,498.0,487.0,468.0,570.0,595.0,Clarendon Metro / Wilson Blvd & N Highland St
338.0,274.0,300.0,359.0,524.0,699.0,672.0,643.0,601.0,493.0,301.0,309.0,259.0,438.0,537.0,653.0,742.0,743.0,642.0,705.0,New York Ave & Hecht Ave NE
337.0,803.0,511.0,168.0,235.0,286.0,335.0,461.0,464.0,306.0,120.0,158.0,127.0,280.0,424.0,302.0,298.0,446.0,515.0,1344.0,22nd & H St NW
328.0,324.0,557.0,1378.0,1326.0,1370.0,1445.0,1143.0,848.0,571.0,245.0,210.0,171.0,578.0,780.0,1082.0,871.0,1153.0,912.0,960.0,34th & Water St NW
322.0,357.0,755.0,659.0,545.0,723.0,1374.0,1153.0,968.0,634.0,299.0,249.0,227.0,1246.0,1849.0,1397.0,1418.0,1598.0,1150.0,1238.0,Ohio Dr & West Basin Dr SW / MLK & FDR Memorials
321.0,311.0,270.0,166.0,294.0,235.0,277.0,220.0,232.0,161.0,120.0,157.0,150.0,202.0,232.0,267.0,306.0,356.0,311.0,328.0,Montello Ave & Holbrook Terr NE
320.0,346.0,274.0,204.0,285.0,341.0,374.0,386.0,348.0,265.0,219.0,125.0,145.0,302.0,313.0,382.0,344.0,386.0,303.0,334.0,Tenleytown / Wisconsin Ave & Albemarle St NW
311.0,274.0,265.0,218.0,366.0,452.0,419.0,381.0,398.0,312.0,212.0,192.0,140.0,267.0,295.0,302.0,328.0,493.0,408.0,464.0,9th & Upshur St NW
311.0,332.0,313.0,301.0,431.0,537.0,477.0,452.0,435.0,383.0,186.0,187.0,182.0,343.0,347.0,362.0,530.0,597.0,448.0,562.0,8th & Eye St SE / Barracks Row
311.0,322.0,289.0,231.0,335.0,302.0,302.0,210.0,277.0,206.0,111.0,116.0,74.0,155.0,214.0,280.0,282.0,393.0,356.0,337.0,19th & East Capitol St SE
310.0,280.0,312.0,291.0,435.0,425.0,421.0,458.0,404.0,360.0,259.0,235.0,143.0,327.0,332.0,444.0,483.0,576.0,449.0,592.0,12th St & Pennsylvania Ave SE
309.0,295.0,353.0,408.0,512.0,399.0,473.0,401.0,322.0,270.0,143.0,122.0,76.0,305.0,414.0,329.0,409.0,514.0,430.0,439.0,21st St & Constitution Ave NW
305.0,255.0,214.0,121.0,184.0,192.0,162.0,199.0,180.0,112.0,78.0,94.0,105.0,166.0,235.0,241.0,272.0,284.0,252.0,257.0,Neal St & Trinidad Ave NE
304.0,239.0,454.0,664.0,705.0,754.0,763.0,628.0,430.0,363.0,172.0,168.0,144.0,343.0,422.0,479.0,572.0,586.0,553.0,587.0,Eads St & 12th St S
302.0,214.0,187.0,102.0,115.0,150.0,148.0,146.0,118.0,79.0,56.0,69.0,40.0,95.0,93.0,172.0,253.0,272.0,272.0,199.0,King St Metro North / Cameron St
297.0,231.0,273.0,229.0,477.0,333.0,382.0,340.0,261.0,199.0,94.0,66.0,47.0,270.0,354.0,285.0,315.0,503.0,332.0,403.0,18th & C St NW
292.0,216.0,238.0,285.0,368.0,379.0,343.0,327.0,288.0,192.0,94.0,77.0,44.0,179.0,193.0,243.0,325.0,417.0,315.0,309.0,Market Square / King St & Royal St
291.0,252.0,272.0,302.0,349.0,440.0,447.0,425.0,390.0,289.0,158.0,178.0,135.0,202.0,225.0,283.0,303.0,424.0,329.0,312.0,Clarendon Blvd & Pierce St
287.0,287.0,259.0,150.0,308.0,273.0,321.0,359.0,323.0,216.0,124.0,123.0,72.0,133.0,169.0,342.0,327.0,297.0,214.0,361.0,Rhode Island Ave & V St NE
285.0,275.0,322.0,410.0,559.0,566.0,581.0,526.0,418.0,354.0,236.0,212.0,186.0,334.0,389.0,436.0,450.0,504.0,537.0,564.0,Connecticut Ave & Newark St NW / Cleveland Park
282.0,202.0,166.0,114.0,174.0,153.0,163.0,124.0,139.0,141.0,64.0,55.0,33.0,111.0,191.0,142.0,168.0,205.0,166.0,187.0,20th St & Virginia Ave NW
280.0,236.0,168.0,61.0,103.0,162.0,123.0,124.0,115.0,88.0,33.0,73.0,68.0,88.0,78.0,104.0,165.0,117.0,,,Lee Hwy & N Adams St
278.0,,,,,,,,,,,,,,,,,,,,22nd & H  NW (disabled)
274.0,212.0,234.0,247.0,363.0,412.0,483.0,458.0,547.0,336.0,183.0,170.0,125.0,389.0,470.0,499.0,652.0,651.0,525.0,607.0,Virginia Ave & 25th St NW
270.0,284.0,272.0,224.0,330.0,383.0,429.0,445.0,408.0,285.0,158.0,178.0,163.0,289.0,342.0,442.0,403.0,432.0,353.0,413.0,2nd St & Seaton Pl NE
265.0,243.0,212.0,429.0,544.0,627.0,562.0,417.0,404.0,252.0,172.0,136.0,100.0,251.0,259.0,369.0,493.0,584.0,456.0,314.0,Rhode Island Ave Metro
264.0,242.0,163.0,84.0,110.0,119.0,125.0,114.0,87.0,66.0,61.0,33.0,37.0,84.0,53.0,66.0,53.0,58.0,,,Lee Hwy & N Cleveland St
260.0,261.0,205.0,145.0,166.0,190.0,143.0,122.0,152.0,111.0,67.0,51.0,33.0,62.0,78.0,156.0,174.0,143.0,248.0,273.0,Wilson Blvd & N Uhle St
259.0,310.0,369.0,334.0,474.0,506.0,544.0,452.0,446.0,304.0,135.0,126.0,115.0,301.0,426.0,486.0,423.0,391.0,267.0,380.0,N Lynn St & Fairfax Dr
259.0,241.0,250.0,230.0,295.0,328.0,351.0,313.0,300.0,209.0,139.0,115.0,75.0,147.0,228.0,295.0,337.0,405.0,398.0,392.0,Wilson Blvd & N Quincy St
258.0,226.0,282.0,246.0,277.0,273.0,302.0,278.0,252.0,212.0,124.0,126.0,78.0,202.0,234.0,282.0,299.0,236.0,,,Lee Hwy & N Scott St
257.0,231.0,213.0,176.0,265.0,238.0,277.0,294.0,262.0,130.0,77.0,75.0,52.0,100.0,140.0,317.0,288.0,323.0,258.0,274.0,Potomac Ave & 8th St SE
257.0,262.0,269.0,346.0,380.0,468.0,407.0,439.0,480.0,385.0,272.0,264.0,197.0,336.0,372.0,407.0,386.0,462.0,415.0,420.0,1st & Washington Hospital Center NW
256.0,207.0,186.0,193.0,182.0,212.0,192.0,171.0,177.0,162.0,107.0,112.0,77.0,221.0,260.0,284.0,284.0,220.0,152.0,208.0,N Veitch St & 20th St N
252.0,209.0,152.0,139.0,215.0,282.0,232.0,235.0,261.0,161.0,107.0,78.0,73.0,136.0,169.0,245.0,269.0,208.0,268.0,244.0,Clarendon Blvd & N Fillmore St
249.0,227.0,219.0,244.0,313.0,298.0,286.0,267.0,230.0,161.0,98.0,91.0,68.0,152.0,205.0,215.0,165.0,203.0,62.0,,Rosslyn Metro / Wilson Blvd & Ft Myer Dr
249.0,221.0,396.0,818.0,798.0,631.0,798.0,640.0,521.0,470.0,212.0,117.0,119.0,483.0,699.0,693.0,697.0,1030.0,619.0,677.0,19th St & Constitution Ave NW
243.0,210.0,232.0,209.0,289.0,297.0,303.0,328.0,252.0,181.0,93.0,112.0,69.0,210.0,290.0,312.0,358.0,447.0,399.0,488.0,Pentagon City Metro / 12th St & S Hayes St
242.0,252.0,644.0,937.0,1030.0,889.0,977.0,765.0,634.0,492.0,203.0,216.0,127.0,705.0,729.0,794.0,719.0,728.0,651.0,851.0,Roosevelt Island
240.0,219.0,195.0,187.0,226.0,247.0,277.0,255.0,218.0,201.0,139.0,135.0,153.0,194.0,200.0,284.0,254.0,317.0,325.0,313.0,39th & Veazey St NW
240.0,251.0,359.0,544.0,616.0,553.0,458.0,430.0,367.0,275.0,115.0,150.0,63.0,339.0,354.0,394.0,301.0,441.0,352.0,425.0,Iwo Jima Memorial / Meade & 14th St N
238.0,229.0,206.0,175.0,325.0,337.0,389.0,379.0,339.0,256.0,174.0,148.0,116.0,275.0,251.0,374.0,343.0,394.0,462.0,426.0,Kansas Ave & Sherman Cr NW
238.0,193.0,256.0,348.0,364.0,290.0,243.0,236.0,200.0,152.0,72.0,62.0,73.0,190.0,172.0,261.0,304.0,350.0,336.0,410.0,Oklahoma Ave & D St NE
234.0,222.0,210.0,212.0,229.0,228.0,263.0,221.0,197.0,141.0,93.0,89.0,91.0,154.0,144.0,169.0,150.0,268.0,243.0,309.0,Fort Totten Metro
233.0,182.0,227.0,269.0,307.0,326.0,367.0,369.0,363.0,244.0,131.0,168.0,94.0,241.0,308.0,354.0,360.0,386.0,353.0,455.0,Van Ness Metro / UDC
230.0,257.0,204.0,139.0,286.0,303.0,243.0,260.0,217.0,162.0,72.0,75.0,58.0,143.0,204.0,220.0,246.0,447.0,394.0,298.0,Georgia Ave and Fairmont St NW
228.0,194.0,192.0,169.0,206.0,231.0,200.0,192.0,247.0,171.0,93.0,72.0,46.0,142.0,155.0,304.0,284.0,236.0,241.0,321.0,Hamlin & 7th St NE
226.0,186.0,213.0,282.0,383.0,387.0,378.0,402.0,294.0,225.0,122.0,75.0,63.0,198.0,263.0,304.0,257.0,345.0,224.0,296.0,10th & Monroe St NE
223.0,165.0,229.0,200.0,327.0,309.0,329.0,354.0,324.0,226.0,120.0,117.0,85.0,175.0,289.0,330.0,410.0,407.0,299.0,325.0,Calvert & Biltmore St NW
216.0,223.0,124.0,85.0,144.0,135.0,135.0,64.0,82.0,62.0,29.0,33.0,31.0,90.0,56.0,97.0,77.0,131.0,206.0,340.0,Gallaudet / 8th St & Florida Ave NE
215.0,166.0,239.0,235.0,320.0,303.0,330.0,400.0,341.0,237.0,118.0,133.0,83.0,214.0,225.0,320.0,333.0,399.0,392.0,417.0,36th & Calvert St NW / Glover Park
212.0,162.0,195.0,269.0,319.0,321.0,253.0,243.0,207.0,153.0,137.0,107.0,73.0,144.0,224.0,294.0,336.0,366.0,342.0,398.0,13th & E St SE
209.0,262.0,337.0,367.0,410.0,395.0,455.0,595.0,610.0,414.0,234.0,284.0,281.0,462.0,592.0,707.0,692.0,654.0,702.0,746.0,Reservoir Rd & 38th St NW
205.0,201.0,462.0,710.0,1350.0,1290.0,1229.0,1089.0,908.0,699.0,285.0,240.0,196.0,825.0,935.0,870.0,763.0,835.0,635.0,679.0,Hains Point/Buckeye & Ohio Dr SW
202.0,171.0,227.0,287.0,298.0,313.0,366.0,277.0,245.0,214.0,94.0,98.0,68.0,274.0,287.0,342.0,309.0,479.0,388.0,363.0,Crystal Dr & 15th St S
201.0,210.0,147.0,158.0,205.0,194.0,190.0,205.0,174.0,76.0,71.0,47.0,41.0,174.0,222.0,169.0,166.0,257.0,264.0,218.0,Rosedale Rec Center
201.0,162.0,152.0,59.0,117.0,68.0,99.0,52.0,61.0,58.0,16.0,19.0,27.0,54.0,84.0,82.0,65.0,97.0,86.0,105.0,19th & E Street NW
200.0,164.0,263.0,611.0,933.0,875.0,851.0,842.0,703.0,499.0,333.0,292.0,156.0,379.0,539.0,775.0,852.0,1038.0,301.0,,1st & N St  SE
197.0,192.0,147.0,125.0,187.0,164.0,239.0,196.0,117.0,131.0,72.0,46.0,54.0,96.0,91.0,113.0,139.0,160.0,179.0,224.0,New Hampshire & Gallatin St NW
197.0,152.0,190.0,248.0,301.0,384.0,449.0,377.0,304.0,269.0,219.0,175.0,118.0,198.0,202.0,248.0,255.0,289.0,260.0,284.0,Connecticut & Nebraska Ave NW
194.0,203.0,146.0,206.0,286.0,274.0,302.0,262.0,247.0,145.0,92.0,85.0,57.0,115.0,138.0,176.0,187.0,210.0,218.0,233.0,Washington Blvd & 10th St N
194.0,141.0,103.0,35.0,61.0,67.0,80.0,98.0,71.0,72.0,87.0,72.0,37.0,55.0,59.0,91.0,73.0,106.0,124.0,127.0,Carroll & Ethan Allen Ave
193.0,177.0,169.0,148.0,175.0,160.0,154.0,146.0,128.0,90.0,33.0,36.0,40.0,81.0,121.0,153.0,137.0,197.0,166.0,222.0,East Falls Church Metro / Sycamore St & 19th St N
193.0,169.0,92.0,38.0,60.0,110.0,101.0,129.0,92.0,60.0,35.0,40.0,27.0,71.0,89.0,123.0,118.0,143.0,105.0,98.0,King St Metro South
192.0,174.0,109.0,68.0,79.0,108.0,146.0,98.0,86.0,74.0,37.0,45.0,27.0,67.0,85.0,79.0,136.0,276.0,204.0,194.0,Bethesda Metro / Wisconsin Ave & Old Georgetown Rd
189.0,193.0,250.0,324.0,429.0,425.0,434.0,368.0,321.0,223.0,92.0,93.0,73.0,248.0,166.0,238.0,294.0,318.0,323.0,378.0,Crystal Dr & 23rd St S
185.0,167.0,145.0,253.0,354.0,321.0,357.0,302.0,271.0,238.0,155.0,163.0,117.0,164.0,249.0,247.0,295.0,314.0,270.0,295.0,Maryland Ave & 17th St NE
184.0,230.0,185.0,234.0,347.0,363.0,435.0,458.0,430.0,341.0,248.0,177.0,159.0,233.0,333.0,379.0,349.0,375.0,322.0,439.0,8th & K St NE
184.0,137.0,176.0,191.0,251.0,191.0,182.0,170.0,158.0,89.0,67.0,64.0,55.0,96.0,142.0,138.0,171.0,204.0,171.0,189.0,Fairfax Dr & N Randolph St
182.0,207.0,193.0,184.0,301.0,300.0,298.0,296.0,254.0,157.0,124.0,79.0,71.0,142.0,197.0,167.0,175.0,251.0,238.0,235.0,Bladensburg Rd & Benning Rd NE
177.0,200.0,196.0,160.0,229.0,172.0,186.0,170.0,143.0,127.0,67.0,88.0,49.0,82.0,108.0,132.0,184.0,188.0,178.0,219.0,12th & Irving St NE
174.0,158.0,198.0,303.0,289.0,347.0,361.0,313.0,282.0,185.0,75.0,73.0,50.0,211.0,230.0,315.0,427.0,426.0,402.0,402.0,Harvard St & Adams Mill Rd NW
171.0,126.0,216.0,280.0,358.0,332.0,334.0,277.0,239.0,178.0,77.0,93.0,62.0,140.0,181.0,191.0,254.0,219.0,195.0,222.0,15th St & N Scott St
170.0,181.0,288.0,402.0,412.0,402.0,289.0,326.0,238.0,190.0,100.0,91.0,42.0,196.0,308.0,335.0,342.0,470.0,367.0,481.0,Crystal Dr & 20th St S
170.0,144.0,180.0,283.0,271.0,253.0,285.0,326.0,272.0,186.0,99.0,71.0,48.0,139.0,150.0,184.0,178.0,258.0,249.0,238.0,Woodmont Ave & Strathmore St
169.0,148.0,113.0,133.0,150.0,229.0,188.0,173.0,151.0,101.0,66.0,58.0,32.0,97.0,113.0,153.0,188.0,161.0,241.0,275.0,Wilson Blvd & N Edgewood St
163.0,138.0,188.0,250.0,305.0,365.0,362.0,356.0,281.0,250.0,133.0,145.0,117.0,208.0,242.0,335.0,375.0,390.0,387.0,380.0,Edgewood Rec Center
162.0,111.0,110.0,115.0,178.0,193.0,163.0,106.0,78.0,73.0,51.0,38.0,28.0,80.0,82.0,104.0,130.0,140.0,156.0,163.0,N Quincy St & Glebe Rd
162.0,161.0,101.0,86.0,90.0,110.0,141.0,82.0,89.0,58.0,28.0,32.0,17.0,50.0,81.0,120.0,110.0,142.0,89.0,109.0,Ballenger Ave & Dulaney St
159.0,138.0,205.0,215.0,254.0,229.0,220.0,222.0,192.0,146.0,63.0,75.0,40.0,127.0,191.0,220.0,215.0,244.0,214.0,207.0,Eads St & 22nd St S
159.0,104.0,113.0,111.0,223.0,199.0,141.0,123.0,150.0,91.0,44.0,41.0,35.0,99.0,117.0,116.0,109.0,178.0,68.0,127.0,Arlington Blvd & N Queen St
159.0,147.0,160.0,232.0,291.0,292.0,286.0,283.0,207.0,167.0,119.0,101.0,85.0,167.0,162.0,235.0,229.0,194.0,174.0,216.0,Connecticut Ave & Yuma St NW
158.0,105.0,81.0,80.0,124.0,110.0,97.0,75.0,107.0,63.0,42.0,45.0,38.0,63.0,52.0,90.0,102.0,55.0,100.0,101.0,N Veitch St & Key Blvd
156.0,108.0,258.0,529.0,506.0,475.0,435.0,382.0,308.0,203.0,119.0,116.0,72.0,199.0,280.0,304.0,259.0,302.0,230.0,349.0,Potomac Ave & Swann Ave
156.0,181.0,206.0,169.0,260.0,243.0,244.0,245.0,218.0,164.0,104.0,68.0,43.0,120.0,164.0,208.0,260.0,306.0,342.0,359.0,14th & Upshur St NW
152.0,127.0,118.0,153.0,241.0,256.0,241.0,214.0,218.0,166.0,98.0,79.0,67.0,131.0,156.0,161.0,211.0,227.0,235.0,283.0,Fairfax Dr & Wilson Blvd
149.0,155.0,148.0,98.0,157.0,184.0,230.0,297.0,201.0,145.0,102.0,94.0,78.0,134.0,170.0,179.0,133.0,131.0,175.0,174.0,Wisconsin Ave & Brandywine St NW
148.0,121.0,176.0,353.0,303.0,321.0,268.0,330.0,296.0,179.0,112.0,93.0,89.0,182.0,222.0,249.0,196.0,253.0,194.0,225.0,River Rd & Landy Ln
147.0,124.0,186.0,279.0,447.0,441.0,396.0,348.0,373.0,251.0,144.0,149.0,89.0,246.0,230.0,282.0,299.0,299.0,396.0,331.0,14th St & Colorado Ave NW
147.0,124.0,120.0,186.0,206.0,168.0,228.0,227.0,181.0,100.0,55.0,52.0,42.0,105.0,110.0,101.0,127.0,162.0,179.0,192.0,Battery Ln & Trolley Trail
146.0,140.0,136.0,183.0,261.0,272.0,246.0,252.0,217.0,208.0,89.0,87.0,91.0,154.0,150.0,231.0,294.0,270.0,250.0,265.0,King Greenleaf Rec Center
145.0,104.0,126.0,444.0,415.0,173.0,156.0,155.0,96.0,77.0,42.0,24.0,15.0,88.0,74.0,117.0,102.0,131.0,147.0,136.0,Franklin St & S Washington St
144.0,131.0,163.0,380.0,400.0,277.0,316.0,291.0,222.0,171.0,63.0,58.0,21.0,172.0,205.0,253.0,250.0,219.0,182.0,290.0,Madison St & Fairfax St
144.0,112.0,152.0,167.0,236.0,271.0,280.0,244.0,177.0,130.0,79.0,78.0,60.0,147.0,223.0,177.0,187.0,208.0,227.0,198.0,Joyce St & 16th St S
142.0,140.0,104.0,18.0,22.0,22.0,51.0,40.0,27.0,17.0,7.0,16.0,13.0,37.0,21.0,23.0,20.0,33.0,51.0,47.0,Arlington Blvd & S George Mason Dr
142.0,107.0,95.0,115.0,126.0,120.0,109.0,88.0,61.0,40.0,35.0,29.0,46.0,75.0,93.0,127.0,154.0,82.0,158.0,152.0,Pershing Dr & N George Mason Dr
138.0,157.0,208.0,304.0,398.0,365.0,274.0,278.0,278.0,169.0,109.0,62.0,43.0,140.0,221.0,258.0,221.0,357.0,307.0,417.0,Potomac Ave & Half St SW
136.0,132.0,282.0,46.0,233.0,212.0,411.0,461.0,357.0,332.0,127.0,108.0,73.0,314.0,496.0,427.0,255.0,270.0,168.0,271.0,24th & R St NE / National Arboretum
135.0,123.0,90.0,109.0,123.0,88.0,85.0,,,,,,,,,,,,,,Saint Asaph St & Pendleton  St
134.0,109.0,115.0,123.0,184.0,201.0,197.0,200.0,152.0,132.0,89.0,78.0,59.0,108.0,139.0,130.0,135.0,160.0,197.0,166.0,Friendship Hts Metro / Wisconsin Ave & Wisconsin Cir
134.0,103.0,118.0,159.0,143.0,176.0,231.0,198.0,160.0,98.0,60.0,45.0,23.0,83.0,84.0,128.0,125.0,164.0,129.0,145.0,Rhodes St & 16th St N
132.0,114.0,135.0,230.0,251.0,291.0,286.0,237.0,252.0,175.0,95.0,54.0,39.0,84.0,128.0,140.0,174.0,153.0,177.0,263.0,Wilson Blvd & N Troy St
131.0,114.0,116.0,174.0,171.0,126.0,162.0,126.0,128.0,100.0,49.0,37.0,25.0,74.0,120.0,123.0,134.0,115.0,71.0,118.0,George Mason Dr & Wilson Blvd
127.0,119.0,96.0,127.0,187.0,209.0,174.0,146.0,65.0,84.0,42.0,38.0,37.0,79.0,114.0,89.0,95.0,155.0,127.0,113.0,Saint Asaph St & Madison St
127.0,120.0,155.0,204.0,206.0,171.0,270.0,272.0,211.0,171.0,68.0,65.0,72.0,179.0,241.0,159.0,174.0,229.0,209.0,277.0,John McCormack Dr & Michigan Ave NE
122.0,139.0,112.0,59.0,128.0,138.0,99.0,109.0,93.0,76.0,48.0,58.0,21.0,80.0,75.0,108.0,113.0,180.0,150.0,189.0,Georgia Ave & Emerson St NW
120.0,107.0,103.0,86.0,125.0,168.0,176.0,177.0,155.0,94.0,46.0,44.0,37.0,107.0,114.0,147.0,121.0,153.0,192.0,293.0,21st St & N Pierce St
119.0,134.0,253.0,432.0,534.0,460.0,473.0,388.0,367.0,271.0,95.0,116.0,83.0,240.0,281.0,306.0,296.0,399.0,372.0,400.0,Army Navy Dr & S Joyce St
119.0,111.0,91.0,73.0,94.0,59.0,84.0,113.0,114.0,87.0,64.0,42.0,35.0,85.0,77.0,89.0,66.0,89.0,80.0,95.0,Anacostia Metro
119.0,85.0,88.0,119.0,144.0,133.0,134.0,147.0,113.0,97.0,37.0,45.0,25.0,67.0,108.0,131.0,164.0,181.0,148.0,121.0,Duke St & John Carlyle St
119.0,114.0,104.0,106.0,124.0,115.0,115.0,124.0,135.0,77.0,46.0,37.0,41.0,70.0,95.0,111.0,118.0,130.0,169.0,181.0,GMU / Fairfax Dr & Kenmore St
118.0,96.0,116.0,175.0,183.0,176.0,190.0,145.0,152.0,86.0,48.0,51.0,29.0,68.0,98.0,141.0,135.0,149.0,170.0,214.0,Wilson Blvd & N Franklin Rd
117.0,105.0,126.0,325.0,410.0,293.0,246.0,267.0,134.0,150.0,59.0,38.0,31.0,120.0,181.0,200.0,161.0,243.0,164.0,188.0,S Arlington Mill Dr & Campbell Ave
116.0,89.0,91.0,65.0,95.0,78.0,85.0,92.0,85.0,57.0,27.0,18.0,16.0,32.0,73.0,74.0,92.0,107.0,110.0,87.0,Clark St & 26th St S
114.0,107.0,59.0,79.0,109.0,63.0,135.0,153.0,141.0,79.0,44.0,47.0,70.0,184.0,286.0,214.0,178.0,205.0,292.0,484.0,American University East Campus
113.0,106.0,145.0,276.0,335.0,344.0,328.0,324.0,273.0,184.0,99.0,137.0,80.0,139.0,168.0,325.0,306.0,327.0,329.0,364.0,Connecticut Ave & Tilden St NW
111.0,68.0,96.0,106.0,173.0,136.0,106.0,112.0,131.0,73.0,39.0,47.0,17.0,59.0,113.0,112.0,174.0,164.0,179.0,157.0,King St & Patrick St
110.0,85.0,98.0,130.0,165.0,153.0,150.0,173.0,114.0,79.0,55.0,26.0,30.0,70.0,91.0,124.0,110.0,105.0,159.0,133.0,TJ Cmty Ctr / 2nd St & S Old Glebe Rd
109.0,107.0,93.0,118.0,118.0,129.0,97.0,97.0,95.0,64.0,48.0,49.0,32.0,61.0,95.0,96.0,126.0,111.0,120.0,136.0,12th & Newton St NE
107.0,73.0,82.0,87.0,120.0,109.0,114.0,109.0,100.0,71.0,32.0,38.0,31.0,51.0,92.0,101.0,108.0,115.0,128.0,85.0,Commerce St & Fayette St
106.0,90.0,55.0,27.0,25.0,28.0,32.0,35.0,34.0,20.0,17.0,23.0,13.0,34.0,48.0,50.0,70.0,48.0,40.0,38.0,White Flint Metro
106.0,70.0,117.0,123.0,125.0,86.0,82.0,99.0,70.0,53.0,16.0,35.0,26.0,87.0,119.0,120.0,142.0,194.0,110.0,153.0,Potomac Greens Dr & Slaters Ln
106.0,72.0,150.0,134.0,134.0,175.0,170.0,93.0,73.0,50.0,20.0,31.0,19.0,47.0,50.0,110.0,111.0,116.0,128.0,95.0,Mount Vernon Ave & Kennedy St
106.0,93.0,108.0,149.0,191.0,208.0,191.0,167.0,139.0,95.0,63.0,74.0,30.0,79.0,104.0,110.0,96.0,100.0,95.0,159.0,5th & Kennedy St NW
106.0,83.0,89.0,95.0,156.0,133.0,132.0,103.0,82.0,47.0,59.0,41.0,21.0,109.0,115.0,143.0,160.0,143.0,159.0,157.0,Columbia Pike & S Walter Reed Dr
105.0,84.0,139.0,127.0,201.0,247.0,229.0,197.0,206.0,121.0,67.0,57.0,38.0,117.0,123.0,165.0,189.0,179.0,177.0,149.0,Central Library / Quincy St & 10th St N
105.0,80.0,107.0,175.0,192.0,204.0,188.0,164.0,186.0,125.0,66.0,43.0,35.0,84.0,117.0,134.0,151.0,170.0,170.0,139.0,Utah St & 11th St N
103.0,91.0,162.0,346.0,338.0,358.0,318.0,370.0,264.0,166.0,107.0,117.0,52.0,178.0,265.0,278.0,256.0,257.0,211.0,252.0,S Glebe Rd & Potomac Ave
102.0,148.0,122.0,72.0,90.0,79.0,120.0,191.0,146.0,127.0,46.0,45.0,56.0,144.0,180.0,91.0,96.0,59.0,128.0,323.0,Ward Circle / American University
102.0,82.0,65.0,79.0,81.0,92.0,73.0,73.0,48.0,47.0,20.0,19.0,31.0,51.0,50.0,75.0,66.0,105.0,58.0,83.0,Powhatan St & Bashford Ln
102.0,81.0,132.0,71.0,112.0,141.0,148.0,134.0,168.0,129.0,94.0,73.0,73.0,103.0,121.0,128.0,124.0,104.0,187.0,159.0,Wisconsin Ave & Ingomar St NW
102.0,83.0,168.0,616.0,721.0,499.0,455.0,467.0,328.0,227.0,61.0,45.0,48.0,241.0,287.0,349.0,334.0,426.0,331.0,371.0,Prince St & Union St
100.0,71.0,74.0,90.0,62.0,81.0,95.0,121.0,78.0,38.0,47.0,39.0,22.0,53.0,77.0,78.0,73.0,106.0,77.0,121.0,Montgomery & East Ln
100.0,103.0,110.0,106.0,117.0,98.0,104.0,102.0,70.0,63.0,48.0,49.0,20.0,60.0,60.0,66.0,86.0,91.0,104.0,151.0,Arlington Blvd & Fillmore St
98.0,43.0,137.0,305.0,271.0,233.0,229.0,132.0,133.0,92.0,49.0,53.0,31.0,113.0,98.0,108.0,142.0,121.0,118.0,112.0,Royal St & Wilkes St
96.0,80.0,84.0,119.0,102.0,79.0,88.0,80.0,53.0,35.0,15.0,16.0,13.0,36.0,62.0,62.0,94.0,117.0,105.0,129.0,Glebe Rd & 11th St N
96.0,77.0,63.0,51.0,126.0,124.0,95.0,93.0,113.0,84.0,67.0,83.0,74.0,75.0,60.0,86.0,110.0,112.0,163.0,133.0,14th St Heights / 14th & Crittenden St NW
95.0,86.0,62.0,50.0,98.0,102.0,84.0,77.0,67.0,44.0,54.0,53.0,27.0,76.0,89.0,118.0,81.0,114.0,107.0,106.0,Carroll & Westmoreland Ave
95.0,66.0,42.0,6.0,11.0,14.0,14.0,19.0,8.0,18.0,4.0,3.0,6.0,29.0,28.0,31.0,51.0,59.0,51.0,38.0,Tysons Corner Station
94.0,92.0,123.0,188.0,233.0,208.0,207.0,198.0,198.0,125.0,69.0,73.0,65.0,142.0,162.0,233.0,187.0,195.0,179.0,171.0,Connecticut Ave & McKinley St NW
92.0,73.0,101.0,42.0,66.0,64.0,89.0,110.0,69.0,47.0,29.0,27.0,16.0,8.0,,,,,,,Crystal Dr & Potomac Ave
92.0,74.0,134.0,287.0,302.0,266.0,365.0,331.0,239.0,180.0,67.0,64.0,51.0,168.0,254.0,241.0,201.0,277.0,290.0,334.0,Bethesda Ave & Arlington Rd
91.0,126.0,240.0,94.0,117.0,166.0,175.0,95.0,117.0,88.0,74.0,43.0,26.0,62.0,58.0,120.0,91.0,78.0,49.0,71.0,Silver Spring Metro / Colesville Rd & Wayne Ave
88.0,66.0,114.0,72.0,19.0,47.0,109.0,113.0,95.0,61.0,30.0,22.0,18.0,78.0,88.0,97.0,116.0,136.0,90.0,153.0,Arlington Mill Cmty Center / Columbia Pike & S Dinwiddie St
87.0,74.0,73.0,77.0,78.0,186.0,184.0,161.0,152.0,89.0,65.0,88.0,71.0,110.0,111.0,110.0,115.0,154.0,163.0,158.0,Old Georgetown Rd & Southwick St
87.0,59.0,43.0,14.0,35.0,30.0,54.0,26.0,16.0,4.0,3.0,6.0,1.0,17.0,18.0,18.0,27.0,88.0,50.0,83.0,Wiehle Ave & Reston Station Blvd
87.0,102.0,127.0,163.0,195.0,124.0,154.0,131.0,133.0,113.0,44.0,39.0,27.0,74.0,84.0,106.0,127.0,160.0,123.0,115.0,Potomac Ave & 35th St S
86.0,71.0,88.0,82.0,56.0,122.0,100.0,92.0,67.0,60.0,46.0,81.0,47.0,70.0,75.0,90.0,110.0,136.0,127.0,117.0,Offutt Ln & Chevy Chase Dr
84.0,104.0,75.0,126.0,142.0,149.0,111.0,122.0,119.0,81.0,55.0,76.0,42.0,115.0,120.0,157.0,117.0,135.0,93.0,162.0,14th & Luzon St NW
84.0,79.0,71.0,126.0,137.0,117.0,141.0,157.0,180.0,134.0,54.0,41.0,,,,,,,,,Key Blvd & N Quinn St
83.0,62.0,111.0,204.0,251.0,242.0,251.0,241.0,209.0,154.0,71.0,65.0,51.0,106.0,135.0,111.0,118.0,87.0,111.0,130.0,Friendship Blvd & Willard Ave
83.0,67.0,71.0,88.0,106.0,122.0,131.0,131.0,125.0,81.0,24.0,44.0,15.0,117.0,155.0,108.0,176.0,263.0,258.0,185.0,Crystal Dr & 27th St S
83.0,57.0,54.0,32.0,45.0,25.0,23.0,29.0,41.0,31.0,8.0,5.0,4.0,17.0,27.0,30.0,24.0,37.0,33.0,33.0,Lee Center
82.0,64.0,61.0,103.0,88.0,92.0,112.0,164.0,100.0,77.0,40.0,47.0,21.0,74.0,72.0,78.0,125.0,133.0,154.0,120.0,Washington-Liberty High School / N Stafford St & Generals Way
82.0,54.0,52.0,110.0,80.0,102.0,106.0,90.0,82.0,72.0,57.0,48.0,34.0,77.0,82.0,80.0,89.0,105.0,79.0,88.0,Monroe Ave & Leslie Ave
81.0,75.0,47.0,59.0,98.0,62.0,73.0,80.0,59.0,47.0,34.0,27.0,24.0,32.0,28.0,33.0,62.0,47.0,38.0,52.0,Pleasant St & MLK Ave SE
81.0,94.0,117.0,130.0,174.0,181.0,227.0,182.0,137.0,139.0,64.0,47.0,45.0,124.0,164.0,171.0,177.0,189.0,121.0,,18th St & S Eads St
80.0,67.0,85.0,81.0,102.0,98.0,96.0,105.0,92.0,57.0,35.0,26.0,15.0,47.0,52.0,71.0,90.0,98.0,104.0,98.0,Mount Vernon Ave & E Nelson Ave
79.0,95.0,78.0,88.0,102.0,102.0,90.0,92.0,104.0,46.0,37.0,48.0,25.0,52.0,72.0,50.0,69.0,75.0,,,Lee Hwy & N Monroe St
78.0,77.0,62.0,128.0,228.0,100.0,86.0,69.0,50.0,50.0,11.0,29.0,20.0,39.0,91.0,67.0,76.0,77.0,91.0,101.0,Good Hope Rd & MLK Ave SE
77.0,80.0,86.0,154.0,210.0,207.0,247.0,209.0,184.0,139.0,108.0,110.0,83.0,166.0,143.0,180.0,177.0,173.0,209.0,233.0,Georgia & Missouri Ave NW
77.0,44.0,64.0,132.0,112.0,104.0,156.0,98.0,84.0,57.0,39.0,42.0,30.0,60.0,77.0,103.0,131.0,134.0,173.0,193.0,Pershing Dr & Wayne St
76.0,97.0,91.0,62.0,120.0,138.0,100.0,132.0,91.0,58.0,21.0,49.0,32.0,60.0,61.0,87.0,117.0,131.0,134.0,138.0,Trinidad Rec Center
76.0,61.0,80.0,140.0,141.0,127.0,129.0,128.0,132.0,98.0,67.0,61.0,44.0,72.0,77.0,121.0,98.0,100.0,88.0,96.0,Wilson Blvd & N Illinois St 
75.0,89.0,73.0,84.0,124.0,94.0,110.0,112.0,105.0,85.0,31.0,42.0,32.0,92.0,89.0,86.0,76.0,99.0,99.0,97.0,3rd & Underwood St NW
74.0,59.0,77.0,85.0,86.0,92.0,87.0,91.0,75.0,50.0,31.0,23.0,19.0,68.0,70.0,74.0,84.0,96.0,83.0,98.0,Madison St & N Henry St
74.0,64.0,74.0,207.0,217.0,132.0,142.0,118.0,78.0,49.0,30.0,18.0,7.0,74.0,76.0,70.0,157.0,128.0,78.0,69.0,Troy St & 26th St S
71.0,57.0,66.0,71.0,69.0,89.0,98.0,66.0,89.0,43.0,24.0,20.0,14.0,63.0,77.0,89.0,97.0,124.0,90.0,108.0,18th St & Rhode Island Ave NE
70.0,75.0,203.0,109.0,157.0,230.0,348.0,130.0,129.0,238.0,181.0,133.0,53.0,89.0,111.0,113.0,133.0,118.0,116.0,122.0,Fenton St & Ellsworth Dr 
70.0,72.0,55.0,20.0,,38.0,135.0,110.0,98.0,59.0,39.0,30.0,21.0,62.0,96.0,94.0,100.0,122.0,111.0,87.0,Mount Vernon Ave & E Del Ray Ave
70.0,57.0,198.0,707.0,695.0,487.0,427.0,345.0,242.0,176.0,74.0,84.0,40.0,154.0,188.0,261.0,207.0,240.0,181.0,210.0,Anacostia Ave & Benning Rd NE / River Terrace 
68.0,55.0,67.0,168.0,152.0,118.0,98.0,93.0,111.0,45.0,43.0,49.0,19.0,63.0,65.0,75.0,78.0,66.0,85.0,110.0,Sunset Hills Rd & Isaac Newton Square
68.0,109.0,83.0,62.0,57.0,31.0,49.0,56.0,37.0,27.0,39.0,42.0,27.0,68.0,71.0,66.0,83.0,86.0,71.0,104.0,Fenton St & New York Ave 
67.0,62.0,79.0,73.0,84.0,140.0,122.0,135.0,119.0,48.0,20.0,31.0,16.0,82.0,104.0,102.0,88.0,149.0,155.0,136.0,Aurora Hills Cmty Ctr / 18th St & S Hayes St
66.0,46.0,38.0,18.0,12.0,17.0,9.0,7.0,17.0,11.0,14.0,8.0,2.0,18.0,5.0,16.0,16.0,11.0,19.0,24.0,Shady Grove Metro West
65.0,50.0,97.0,138.0,165.0,198.0,174.0,120.0,124.0,82.0,25.0,23.0,28.0,68.0,136.0,132.0,133.0,181.0,185.0,188.0,Eads St & 15th St S
65.0,62.0,63.0,117.0,142.0,106.0,92.0,89.0,73.0,51.0,36.0,31.0,23.0,45.0,41.0,69.0,70.0,94.0,90.0,131.0,Washington Blvd & 7th St N
64.0,67.0,70.0,175.0,184.0,176.0,198.0,199.0,152.0,135.0,75.0,61.0,30.0,107.0,100.0,147.0,124.0,113.0,184.0,165.0,17th & Upshur St NW
63.0,59.0,95.0,109.0,101.0,101.0,116.0,116.0,83.0,47.0,33.0,35.0,17.0,59.0,94.0,100.0,116.0,123.0,151.0,137.0,Potomac Ave & Main Line Blvd
63.0,44.0,22.0,42.0,44.0,34.0,17.0,27.0,20.0,18.0,9.0,,4.0,38.0,44.0,30.0,48.0,48.0,34.0,34.0,Park Run & Onyx Dr
62.0,70.0,58.0,76.0,98.0,72.0,103.0,80.0,99.0,49.0,31.0,46.0,32.0,74.0,61.0,100.0,117.0,104.0,94.0,107.0,Henry St & Pendleton St
62.0,45.0,44.0,61.0,76.0,69.0,84.0,93.0,70.0,75.0,15.0,9.0,7.0,29.0,45.0,44.0,75.0,54.0,60.0,78.0,18th & Monroe St NE
62.0,67.0,74.0,62.0,151.0,125.0,138.0,140.0,92.0,91.0,50.0,52.0,42.0,89.0,137.0,144.0,122.0,142.0,172.0,186.0,Georgia Ave & Piney Branch Rd NW
61.0,69.0,80.0,81.0,129.0,124.0,119.0,87.0,108.0,107.0,39.0,48.0,40.0,69.0,65.0,123.0,77.0,90.0,125.0,95.0,Georgia Ave & Kennedy St NW
60.0,41.0,85.0,157.0,129.0,117.0,68.0,69.0,70.0,47.0,51.0,40.0,25.0,61.0,77.0,102.0,95.0,105.0,68.0,102.0,Kennebec St & 11th St N
60.0,47.0,43.0,31.0,38.0,39.0,57.0,41.0,53.0,40.0,37.0,26.0,17.0,38.0,44.0,42.0,61.0,57.0,98.0,74.0,Medical Center Metro 
60.0,51.0,63.0,111.0,95.0,95.0,131.0,124.0,120.0,70.0,54.0,70.0,27.0,58.0,63.0,55.0,42.0,92.0,116.0,135.0,Fessenden St & Wisconsin Ave NW
59.0,44.0,89.0,146.0,149.0,129.0,159.0,116.0,78.0,68.0,30.0,35.0,26.0,94.0,90.0,84.0,79.0,135.0,124.0,78.0,Mount Vernon Ave & Four Mile Run Park
58.0,37.0,196.0,526.0,619.0,479.0,426.0,474.0,328.0,203.0,144.0,125.0,84.0,214.0,285.0,308.0,295.0,258.0,198.0,218.0,Kingman Island/The Fields at RFK
58.0,56.0,81.0,88.0,118.0,104.0,101.0,100.0,91.0,40.0,17.0,29.0,25.0,51.0,61.0,66.0,54.0,75.0,70.0,120.0,Washington Blvd & Walter Reed Dr 
58.0,71.0,85.0,121.0,106.0,100.0,116.0,92.0,69.0,49.0,26.0,22.0,20.0,51.0,73.0,62.0,76.0,96.0,101.0,99.0,Norfolk Ave & Fairmont St
57.0,43.0,38.0,52.0,101.0,94.0,118.0,66.0,60.0,45.0,35.0,20.0,10.0,43.0,38.0,59.0,55.0,49.0,49.0,55.0,Veterans Pl & Pershing Dr 
57.0,53.0,105.0,188.0,192.0,176.0,200.0,156.0,138.0,105.0,44.0,50.0,21.0,102.0,93.0,143.0,162.0,111.0,119.0,104.0,28th St & S Meade St
56.0,54.0,62.0,98.0,89.0,86.0,72.0,65.0,63.0,35.0,22.0,11.0,3.0,46.0,47.0,71.0,59.0,52.0,81.0,90.0,Reston Town Center Transit Station
55.0,40.0,72.0,77.0,115.0,115.0,127.0,76.0,83.0,52.0,14.0,21.0,15.0,68.0,71.0,97.0,108.0,94.0,134.0,139.0,Walter Reed Dr & 8th St S
55.0,50.0,72.0,104.0,148.0,154.0,203.0,153.0,78.0,54.0,26.0,46.0,33.0,57.0,79.0,102.0,45.0,78.0,69.0,73.0,3rd St & Riggs Rd NE
55.0,53.0,30.0,1.0,3.0,13.0,11.0,13.0,8.0,14.0,3.0,4.0,6.0,18.0,33.0,18.0,38.0,15.0,15.0,26.0,Executive Blvd & E Jefferson St
54.0,26.0,28.0,59.0,82.0,98.0,115.0,71.0,39.0,23.0,15.0,14.0,1.0,16.0,27.0,34.0,39.0,56.0,92.0,111.0,Congress Heights Metro
54.0,41.0,31.0,27.0,38.0,39.0,67.0,41.0,37.0,13.0,13.0,7.0,2.0,5.0,16.0,26.0,27.0,30.0,30.0,49.0,Twinbrook Metro
54.0,31.0,25.0,35.0,42.0,23.0,28.0,22.0,32.0,24.0,9.0,11.0,7.0,15.0,20.0,45.0,36.0,25.0,31.0,26.0,Westover Library / Washington Blvd & N McKinley Rd
53.0,29.0,21.0,26.0,34.0,31.0,50.0,37.0,44.0,30.0,15.0,14.0,12.0,25.0,42.0,39.0,31.0,36.0,31.0,40.0,Wheaton Metro / Georgia Ave & Reedie Dr
52.0,36.0,36.0,52.0,68.0,48.0,61.0,61.0,73.0,49.0,34.0,30.0,13.0,39.0,37.0,13.0,,,37.0,44.0,Commonwealth Ave & Oak St
52.0,66.0,86.0,150.0,135.0,110.0,109.0,103.0,97.0,93.0,63.0,62.0,20.0,76.0,72.0,72.0,90.0,115.0,100.0,83.0,Long Bridge Park / Long Bridge Dr & 6th St S
52.0,62.0,55.0,89.0,138.0,104.0,113.0,124.0,155.0,113.0,15.0,25.0,54.0,92.0,168.0,91.0,105.0,120.0,139.0,229.0,John McCormack Rd NE
52.0,45.0,58.0,36.0,49.0,49.0,93.0,97.0,75.0,47.0,23.0,36.0,3.0,22.0,26.0,22.0,41.0,44.0,93.0,177.0,Yuma St & Tenley Circle NW
51.0,53.0,76.0,150.0,105.0,126.0,102.0,121.0,89.0,63.0,24.0,24.0,29.0,40.0,69.0,107.0,98.0,69.0,83.0,109.0,Carlin Springs Rd & N Thomas St
50.0,53.0,49.0,88.0,93.0,132.0,104.0,134.0,114.0,46.0,28.0,37.0,21.0,45.0,39.0,59.0,61.0,53.0,83.0,84.0,Prince George's Plaza Metro
48.0,50.0,78.0,120.0,156.0,140.0,96.0,69.0,48.0,46.0,44.0,38.0,26.0,45.0,88.0,87.0,73.0,62.0,51.0,68.0,Pennsylvania & Minnesota Ave SE
48.0,42.0,70.0,105.0,125.0,104.0,106.0,122.0,68.0,65.0,26.0,39.0,17.0,47.0,42.0,65.0,68.0,81.0,107.0,124.0,Woodglen Dr & Executive Blvd
48.0,53.0,187.0,1016.0,1148.0,891.0,677.0,624.0,469.0,229.0,96.0,126.0,103.0,321.0,306.0,313.0,316.0,296.0,207.0,200.0,Anacostia Park
47.0,56.0,96.0,370.0,714.0,508.0,468.0,341.0,283.0,157.0,62.0,58.0,27.0,213.0,259.0,307.0,305.0,290.0,262.0,214.0,National Harbor Carousel
47.0,56.0,68.0,186.0,166.0,138.0,164.0,98.0,77.0,40.0,30.0,37.0,20.0,51.0,60.0,69.0,72.0,90.0,127.0,105.0,Columbia Pike & S Courthouse Rd
46.0,30.0,75.0,188.0,148.0,166.0,140.0,202.0,149.0,128.0,91.0,72.0,50.0,100.0,84.0,112.0,156.0,139.0,178.0,191.0,48th Pl & MacArthur Blvd NW
46.0,20.0,24.0,24.0,30.0,31.0,19.0,16.0,16.0,11.0,12.0,8.0,7.0,53.0,32.0,34.0,20.0,23.0,21.0,28.0,Grandview & Blueridge Ave
46.0,11.0,28.0,38.0,51.0,49.0,69.0,41.0,25.0,19.0,9.0,1.0,5.0,5.0,22.0,20.0,27.0,31.0,24.0,29.0,Congressional Ln & E Jefferson St
45.0,49.0,70.0,54.0,52.0,76.0,64.0,86.0,57.0,46.0,29.0,38.0,16.0,46.0,40.0,77.0,82.0,137.0,124.0,96.0,Cordell & Norfolk Ave
44.0,30.0,33.0,56.0,82.0,89.0,53.0,29.0,9.0,12.0,11.0,17.0,13.0,14.0,13.0,11.0,4.0,17.0,43.0,33.0,Fairfax Village
44.0,52.0,50.0,66.0,49.0,45.0,60.0,49.0,58.0,55.0,54.0,49.0,34.0,54.0,65.0,57.0,96.0,62.0,74.0,113.0,Fenton St & Gist Ave
44.0,51.0,64.0,104.0,97.0,125.0,130.0,128.0,94.0,53.0,45.0,32.0,21.0,54.0,121.0,107.0,56.0,75.0,69.0,113.0,West Hyattsville Metro
43.0,46.0,66.0,189.0,180.0,233.0,178.0,135.0,88.0,86.0,43.0,33.0,41.0,69.0,105.0,87.0,94.0,108.0,124.0,107.0,Four Mile Run Dr & S Walter Reed Dr
43.0,30.0,25.0,13.0,27.0,20.0,9.0,7.0,13.0,10.0,13.0,16.0,14.0,18.0,14.0,11.0,11.0,19.0,9.0,16.0,Shady Grove Metro East
43.0,62.0,69.0,133.0,170.0,145.0,129.0,117.0,109.0,109.0,52.0,21.0,22.0,60.0,74.0,61.0,84.0,101.0,64.0,102.0,Barton St & 10th St N
42.0,33.0,56.0,68.0,105.0,115.0,107.0,111.0,114.0,103.0,33.0,47.0,26.0,71.0,68.0,118.0,65.0,111.0,87.0,106.0,Rhode Island & Montana Ave NE
41.0,45.0,67.0,135.0,183.0,172.0,107.0,110.0,84.0,74.0,36.0,44.0,16.0,59.0,95.0,137.0,109.0,193.0,135.0,155.0,Eisenhower Ave & Mill Race Ln
41.0,58.0,72.0,65.0,81.0,118.0,84.0,78.0,64.0,47.0,46.0,26.0,28.0,69.0,71.0,114.0,85.0,117.0,89.0,95.0,Columbia Pike & S Orme St
40.0,38.0,51.0,67.0,100.0,69.0,91.0,93.0,54.0,36.0,34.0,30.0,23.0,67.0,62.0,55.0,60.0,83.0,73.0,89.0,N Roosevelt St & Roosevelt Blvd
40.0,33.0,25.0,32.0,23.0,16.0,14.0,12.0,15.0,1.0,,,4.0,10.0,8.0,22.0,7.0,9.0,16.0,21.0,Fishers Ln & Rock Creek Mill Rd
40.0,31.0,40.0,70.0,93.0,118.0,83.0,54.0,61.0,43.0,22.0,23.0,3.0,12.0,21.0,29.0,30.0,42.0,38.0,37.0,Alabama Ave & Stanton Rd SE / Shops at Park Village
39.0,63.0,75.0,65.0,94.0,79.0,84.0,75.0,76.0,47.0,26.0,34.0,16.0,28.0,33.0,70.0,66.0,93.0,98.0,65.0,East West Hwy & 16th St
38.0,42.0,66.0,181.0,197.0,158.0,144.0,76.0,64.0,76.0,37.0,42.0,24.0,63.0,71.0,94.0,90.0,66.0,94.0,75.0,Barcroft Community Center
36.0,31.0,29.0,17.0,55.0,58.0,59.0,48.0,43.0,49.0,16.0,24.0,18.0,32.0,47.0,68.0,76.0,36.0,20.0,38.0,Sligo Ave & Carroll Ln
36.0,40.0,34.0,51.0,79.0,90.0,114.0,103.0,77.0,52.0,13.0,26.0,14.0,64.0,54.0,76.0,61.0,64.0,66.0,51.0,The Mall at Prince Georges
36.0,25.0,66.0,109.0,149.0,114.0,92.0,118.0,87.0,43.0,17.0,24.0,33.0,70.0,100.0,128.0,126.0,127.0,96.0,104.0,Rolfe St & 9th St S
36.0,41.0,96.0,106.0,204.0,102.0,108.0,104.0,76.0,39.0,23.0,22.0,13.0,44.0,44.0,55.0,64.0,91.0,85.0,113.0,Dunn Loring Metro
35.0,22.0,35.0,64.0,59.0,61.0,76.0,64.0,53.0,24.0,21.0,18.0,19.0,47.0,47.0,54.0,44.0,74.0,63.0,36.0,Mount Vernon Ave & Bruce St
34.0,37.0,61.0,86.0,101.0,101.0,109.0,79.0,96.0,32.0,16.0,17.0,32.0,62.0,55.0,78.0,85.0,50.0,,,Lee Hwy & N Woodstock St
34.0,42.0,42.0,37.0,56.0,107.0,91.0,80.0,75.0,46.0,32.0,56.0,48.0,72.0,93.0,105.0,96.0,119.0,106.0,104.0,Chillum Rd & Riggs Rd / Riggs Plaza
33.0,7.0,2.0,46.0,24.0,38.0,28.0,22.0,13.0,11.0,9.0,10.0,13.0,20.0,24.0,39.0,27.0,32.0,42.0,53.0,Rockville Pike & Old Georgetown Rd
33.0,27.0,28.0,16.0,23.0,11.0,1.0,,,,,,,,8.0,5.0,1.0,4.0,2.0,7.0,Columbus Ave & Tribeca St
33.0,24.0,15.0,50.0,62.0,23.0,34.0,29.0,8.0,13.0,10.0,3.0,,11.0,14.0,28.0,17.0,43.0,15.0,14.0,King Farm Blvd & Piccard Dr
33.0,44.0,49.0,57.0,81.0,76.0,53.0,60.0,23.0,26.0,18.0,28.0,21.0,33.0,32.0,32.0,27.0,47.0,44.0,49.0,Queens Chapel & Hamilton St
32.0,26.0,19.0,36.0,47.0,28.0,15.0,13.0,6.0,10.0,4.0,5.0,10.0,12.0,17.0,3.0,11.0,26.0,27.0,36.0,Good Hope & Naylor Rd SE
30.0,36.0,84.0,105.0,94.0,149.0,113.0,101.0,90.0,97.0,72.0,59.0,26.0,79.0,87.0,130.0,118.0,99.0,56.0,81.0,East West Hwy & Blair Mill Rd
30.0,21.0,33.0,56.0,47.0,58.0,44.0,42.0,30.0,28.0,17.0,18.0,9.0,44.0,30.0,41.0,28.0,37.0,38.0,44.0,Georgia Ave & Spring St
30.0,20.0,43.0,97.0,118.0,88.0,64.0,59.0,53.0,15.0,7.0,11.0,9.0,28.0,46.0,56.0,75.0,52.0,15.0,,Columbia Pike & S Taylor St
29.0,29.0,39.0,95.0,118.0,84.0,81.0,91.0,63.0,38.0,12.0,2.0,10.0,26.0,66.0,63.0,56.0,63.0,29.0,,Shirlington Transit Center / Quincy St & Randolph St
29.0,30.0,33.0,94.0,98.0,121.0,68.0,44.0,58.0,26.0,15.0,17.0,13.0,28.0,30.0,36.0,50.0,61.0,22.0,24.0,Minnesota Ave Metro/DOES
29.0,27.0,31.0,49.0,57.0,47.0,44.0,46.0,38.0,22.0,6.0,20.0,10.0,31.0,29.0,32.0,36.0,52.0,30.0,34.0,Washington Blvd & N Frederick St
28.0,27.0,40.0,42.0,40.0,54.0,73.0,47.0,42.0,29.0,17.0,26.0,11.0,28.0,69.0,53.0,102.0,66.0,48.0,68.0,47th & Elm St
28.0,32.0,33.0,42.0,43.0,49.0,54.0,52.0,49.0,38.0,28.0,24.0,18.0,27.0,37.0,45.0,52.0,61.0,49.0,57.0,W Columbia St & N Washington St
28.0,33.0,24.0,49.0,43.0,40.0,39.0,54.0,80.0,45.0,32.0,13.0,15.0,49.0,50.0,44.0,61.0,41.0,41.0,39.0,Montgomery Ave & Waverly St 
28.0,27.0,47.0,79.0,54.0,43.0,52.0,36.0,32.0,22.0,15.0,12.0,14.0,21.0,43.0,37.0,59.0,75.0,58.0,64.0,Commonwealth Ave & E Monroe Ave
28.0,31.0,50.0,85.0,74.0,97.0,95.0,64.0,63.0,37.0,28.0,41.0,36.0,50.0,70.0,78.0,67.0,39.0,,,Lee Hwy & N Kirkwood Rd
27.0,18.0,10.0,17.0,12.0,1.0,14.0,12.0,24.0,8.0,16.0,14.0,13.0,23.0,22.0,27.0,30.0,25.0,26.0,28.0,Sunset Hills Rd & Discovery Square
27.0,21.0,21.0,32.0,12.0,24.0,23.0,30.0,17.0,11.0,12.0,11.0,3.0,10.0,10.0,26.0,32.0,28.0,23.0,30.0,West Falls Church Metro
27.0,20.0,69.0,180.0,140.0,98.0,108.0,138.0,83.0,84.0,32.0,35.0,25.0,108.0,109.0,92.0,44.0,72.0,76.0,84.0,Four Mile Run Dr & S Shirlington Rd
27.0,7.0,24.0,22.0,39.0,38.0,50.0,14.0,28.0,22.0,12.0,15.0,8.0,33.0,32.0,37.0,9.0,13.0,21.0,13.0,Anacostia Library
27.0,29.0,17.0,14.0,29.0,42.0,24.0,14.0,16.0,30.0,10.0,24.0,6.0,13.0,33.0,32.0,57.0,68.0,58.0,51.0,Philadelphia & Maple Ave
26.0,17.0,41.0,159.0,164.0,110.0,176.0,112.0,82.0,49.0,7.0,30.0,22.0,29.0,62.0,56.0,72.0,88.0,107.0,113.0,Baltimore Ave & Jefferson St
26.0,20.0,25.0,30.0,22.0,55.0,50.0,32.0,40.0,37.0,22.0,22.0,12.0,32.0,40.0,48.0,33.0,55.0,51.0,33.0,W Broad St & Little Falls St
26.0,27.0,43.0,144.0,156.0,93.0,102.0,85.0,49.0,60.0,35.0,42.0,27.0,38.0,42.0,36.0,48.0,51.0,41.0,39.0,Maple & Ritchie Ave
26.0,23.0,46.0,60.0,52.0,63.0,62.0,38.0,33.0,25.0,8.0,17.0,14.0,29.0,33.0,35.0,40.0,42.0,62.0,73.0,Army Navy Dr & S Nash St
26.0,16.0,28.0,34.0,16.0,26.0,25.0,16.0,24.0,8.0,1.0,4.0,,12.0,17.0,19.0,12.0,18.0,25.0,31.0,Temporary Rd & Old Reston Ave
26.0,35.0,20.0,84.0,89.0,66.0,55.0,65.0,64.0,51.0,20.0,17.0,15.0,38.0,40.0,32.0,65.0,47.0,58.0,61.0,Benning Rd & East Capitol St NE / Benning Rd Metro
25.0,30.0,14.0,17.0,19.0,11.0,41.0,21.0,22.0,22.0,11.0,11.0,7.0,23.0,32.0,51.0,44.0,59.0,48.0,55.0,Silver Spring Transit Center - Top Level
24.0,7.0,20.0,41.0,40.0,42.0,39.0,37.0,36.0,21.0,8.0,16.0,7.0,31.0,27.0,31.0,37.0,54.0,30.0,,Rockville Pike & Meeting St
24.0,7.0,19.0,38.0,69.0,40.0,37.0,12.0,12.0,6.0,3.0,,4.0,12.0,13.0,16.0,21.0,19.0,20.0,22.0,Needwood Rd & Eagles Head Ct
24.0,15.0,12.0,39.0,50.0,48.0,51.0,37.0,15.0,3.0,6.0,7.0,3.0,15.0,13.0,17.0,10.0,9.0,5.0,6.0,Frederick Ave & Horners Ln
24.0,24.0,45.0,68.0,79.0,76.0,74.0,48.0,65.0,42.0,26.0,17.0,13.0,36.0,55.0,62.0,51.0,56.0,60.0,29.0,13th St & Eastern Ave
23.0,6.0,13.0,30.0,24.0,25.0,19.0,14.0,40.0,22.0,11.0,9.0,14.0,15.0,13.0,29.0,34.0,26.0,30.0,14.0,Rockville Metro East
23.0,20.0,35.0,129.0,204.0,123.0,161.0,166.0,176.0,106.0,43.0,39.0,21.0,68.0,73.0,93.0,94.0,116.0,121.0,84.0,Riverdale Park Town Center
23.0,8.0,15.0,30.0,27.0,28.0,13.0,9.0,6.0,4.0,1.0,1.0,3.0,4.0,16.0,4.0,1.0,7.0,8.0,11.0,Fort Stanton Rec Center
23.0,17.0,30.0,77.0,100.0,75.0,94.0,74.0,45.0,36.0,21.0,3.0,9.0,21.0,44.0,57.0,43.0,54.0,51.0,43.0,16th & Q St SE / Anacostia HS
23.0,24.0,18.0,6.0,19.0,39.0,37.0,35.0,37.0,30.0,4.0,10.0,3.0,17.0,23.0,40.0,49.0,28.0,26.0,30.0,Falls Church City Hall / Park Ave & Little Falls St
22.0,29.0,24.0,10.0,11.0,25.0,8.0,7.0,13.0,5.0,,2.0,,9.0,13.0,22.0,9.0,10.0,18.0,39.0,Stanton Square SE
22.0,20.0,21.0,49.0,84.0,69.0,42.0,32.0,32.0,16.0,14.0,18.0,8.0,20.0,22.0,28.0,26.0,30.0,26.0,17.0,Riggs Rd & East West Hwy
21.0,11.0,32.0,34.0,100.0,72.0,33.0,20.0,24.0,21.0,5.0,23.0,8.0,27.0,47.0,36.0,24.0,28.0,27.0,44.0,Good Hope Rd & 14th St SE
21.0,15.0,38.0,51.0,76.0,56.0,56.0,62.0,39.0,19.0,5.0,14.0,8.0,18.0,31.0,37.0,29.0,21.0,,,George Mason High School / Haycock Rd & Leesburg Pike
21.0,6.0,26.0,128.0,101.0,31.0,55.0,46.0,33.0,17.0,11.0,2.0,3.0,31.0,19.0,25.0,22.0,39.0,30.0,28.0,Merrilee Dr & Lauren Elizabeth Lane
21.0,29.0,28.0,66.0,92.0,56.0,59.0,89.0,58.0,23.0,16.0,17.0,4.0,16.0,37.0,46.0,39.0,31.0,26.0,40.0,King Farm Blvd & Pleasant Dr
21.0,27.0,32.0,42.0,59.0,71.0,79.0,54.0,78.0,39.0,28.0,25.0,16.0,41.0,56.0,76.0,74.0,66.0,71.0,77.0,Norfolk & Rugby Ave
21.0,26.0,32.0,23.0,56.0,35.0,49.0,37.0,45.0,26.0,18.0,17.0,10.0,17.0,37.0,25.0,42.0,57.0,26.0,34.0,Pennsylvania Ave & Park Ave
20.0,11.0,10.0,19.0,13.0,18.0,28.0,30.0,20.0,7.0,,1.0,1.0,4.0,31.0,24.0,9.0,18.0,26.0,13.0,Piccard & W Gude Dr
20.0,9.0,12.0,45.0,57.0,53.0,39.0,43.0,21.0,23.0,8.0,8.0,13.0,19.0,37.0,37.0,44.0,49.0,58.0,62.0,Perry & 35th St
20.0,31.0,24.0,113.0,181.0,229.0,165.0,82.0,64.0,33.0,11.0,20.0,6.0,32.0,55.0,91.0,69.0,143.0,72.0,54.0,Fleet St & Waterfront St
20.0,25.0,34.0,86.0,55.0,38.0,56.0,55.0,35.0,30.0,18.0,7.0,4.0,23.0,19.0,26.0,31.0,49.0,63.0,37.0,Sunset Hills & Old Reston Ave
19.0,5.0,6.0,67.0,132.0,120.0,93.0,118.0,65.0,34.0,13.0,10.0,7.0,26.0,16.0,43.0,20.0,49.0,38.0,43.0,4th St & Mississippi Ave SE
19.0,12.0,32.0,321.0,402.0,128.0,131.0,115.0,93.0,61.0,16.0,15.0,9.0,63.0,80.0,76.0,110.0,137.0,78.0,55.0,Tanger Outlets
19.0,18.0,48.0,88.0,120.0,120.0,82.0,80.0,66.0,26.0,15.0,16.0,4.0,34.0,48.0,46.0,57.0,58.0,90.0,82.0,Merrifield Cinema & Merrifield Town Center
19.0,9.0,34.0,45.0,76.0,75.0,52.0,37.0,25.0,34.0,39.0,51.0,37.0,80.0,124.0,132.0,134.0,136.0,149.0,117.0,WAU / Flower Ave & Division St
19.0,22.0,24.0,24.0,24.0,25.0,23.0,11.0,7.0,5.0,4.0,1.0,1.0,6.0,6.0,35.0,37.0,36.0,30.0,21.0,Westpark & Jones Branch Dr
17.0,22.0,36.0,127.0,91.0,139.0,123.0,106.0,52.0,55.0,22.0,29.0,20.0,49.0,78.0,76.0,83.0,79.0,87.0,49.0,Baltimore Ave & Van Buren St / Riverdale Park Station
17.0,19.0,53.0,154.0,205.0,146.0,101.0,101.0,61.0,47.0,24.0,13.0,13.0,48.0,62.0,71.0,43.0,59.0,64.0,57.0,S George Mason & Four Mile Run Dr
17.0,20.0,29.0,41.0,45.0,56.0,59.0,47.0,29.0,27.0,13.0,23.0,6.0,26.0,19.0,36.0,19.0,43.0,38.0,28.0,Columbia Pike & S Oakland St
17.0,12.0,13.0,10.0,19.0,13.0,11.0,12.0,5.0,6.0,3.0,5.0,1.0,5.0,3.0,12.0,18.0,20.0,30.0,23.0,Town Center Pkwy & Sunset Hills Rd
16.0,7.0,31.0,62.0,95.0,73.0,83.0,55.0,36.0,18.0,15.0,14.0,1.0,31.0,41.0,33.0,24.0,34.0,32.0,40.0,Alabama & MLK Ave SE
15.0,22.0,28.0,58.0,60.0,26.0,41.0,34.0,23.0,12.0,7.0,12.0,2.0,23.0,20.0,27.0,30.0,29.0,30.0,38.0,31st St & S Woodrow St
15.0,20.0,18.0,35.0,63.0,58.0,54.0,23.0,21.0,15.0,11.0,10.0,16.0,27.0,43.0,24.0,16.0,14.0,23.0,11.0,Benning Branch Library
15.0,17.0,13.0,7.0,18.0,31.0,11.0,11.0,11.0,10.0,10.0,21.0,24.0,15.0,14.0,25.0,30.0,30.0,9.0,,Rockville Metro West
14.0,13.0,38.0,96.0,142.0,102.0,48.0,53.0,57.0,49.0,23.0,22.0,10.0,37.0,57.0,60.0,54.0,45.0,57.0,42.0,Rhode Island Ave & 39th St / Brentwood Arts Exchange
14.0,5.0,14.0,39.0,51.0,37.0,30.0,33.0,44.0,15.0,9.0,9.0,7.0,17.0,29.0,38.0,17.0,28.0,31.0,24.0,Fleet St & Ritchie Pkwy
14.0,8.0,14.0,40.0,14.0,31.0,60.0,51.0,31.0,20.0,5.0,3.0,1.0,19.0,17.0,27.0,23.0,41.0,43.0,48.0,Library St & Freedom Dr
14.0,12.0,65.0,86.0,88.0,60.0,48.0,32.0,23.0,13.0,8.0,15.0,3.0,22.0,27.0,48.0,45.0,42.0,37.0,33.0,Pooks Hill Rd & Linden Ave
14.0,5.0,18.0,110.0,134.0,72.0,100.0,69.0,47.0,36.0,19.0,19.0,3.0,16.0,38.0,40.0,44.0,65.0,42.0,36.0,Kenilworth Terrace & Hayes St. NE
13.0,22.0,26.0,28.0,13.0,,,,,,,,,,,,,,,,Walter Reed Dr & 16th St S
13.0,13.0,30.0,44.0,27.0,34.0,40.0,23.0,27.0,42.0,43.0,42.0,38.0,37.0,51.0,58.0,45.0,77.0,66.0,80.0,S Maple Ave & S Washington St
12.0,25.0,32.0,46.0,65.0,44.0,37.0,35.0,27.0,15.0,11.0,10.0,4.0,29.0,33.0,41.0,43.0,58.0,45.0,49.0,Radford St & Osage St
12.0,12.0,18.0,55.0,31.0,36.0,39.0,27.0,34.0,25.0,10.0,1.0,9.0,21.0,35.0,28.0,26.0,21.0,28.0,12.0,Amherst Ave & Elkins St
12.0,7.0,9.0,5.0,14.0,20.0,5.0,7.0,4.0,4.0,,2.0,1.0,3.0,7.0,2.0,1.0,6.0,8.0,6.0,Towers Crescent Dr & Tysons One Pl
12.0,2.0,13.0,34.0,16.0,14.0,8.0,16.0,18.0,9.0,3.0,5.0,1.0,3.0,12.0,9.0,10.0,16.0,19.0,12.0,Westpark & Park Run Dr
11.0,19.0,27.0,27.0,37.0,46.0,47.0,31.0,31.0,17.0,14.0,7.0,6.0,19.0,38.0,32.0,26.0,57.0,28.0,42.0,Lyttonsville Rd & Lyttonsville Pl
11.0,8.0,17.0,36.0,24.0,15.0,66.0,27.0,9.0,15.0,5.0,7.0,3.0,10.0,22.0,28.0,14.0,22.0,24.0,21.0,Key West Ave & Siesta Key Way
11.0,16.0,22.0,26.0,28.0,43.0,39.0,57.0,31.0,20.0,14.0,11.0,10.0,16.0,7.0,10.0,21.0,27.0,19.0,34.0,E Fairfax St & S Washington St
11.0,7.0,6.0,8.0,3.0,1.0,2.0,1.0,2.0,1.0,,3.0,2.0,4.0,3.0,,2.0,3.0,1.0,5.0,Medical Center Dr & Key West Ave
11.0,6.0,6.0,19.0,37.0,28.0,38.0,24.0,25.0,17.0,10.0,10.0,4.0,13.0,12.0,7.0,8.0,10.0,14.0,6.0,Division Ave & Foote St NE
11.0,27.0,26.0,64.0,72.0,52.0,51.0,38.0,20.0,19.0,16.0,11.0,6.0,32.0,43.0,25.0,46.0,32.0,36.0,40.0,Kenmore St & 24th St S
10.0,16.0,13.0,24.0,13.0,14.0,4.0,11.0,4.0,5.0,2.0,1.0,,4.0,2.0,1.0,4.0,11.0,3.0,8.0,Ridge Rd Community Center
10.0,10.0,13.0,27.0,25.0,17.0,9.0,13.0,31.0,3.0,7.0,10.0,7.0,12.0,20.0,20.0,35.0,38.0,21.0,23.0,Largo Town Center Metro
10.0,6.0,4.0,5.0,3.0,13.0,8.0,15.0,19.0,8.0,2.0,3.0,1.0,,1.0,3.0,9.0,19.0,15.0,4.0,Shady Grove Hospital
10.0,9.0,18.0,99.0,95.0,91.0,83.0,70.0,38.0,13.0,16.0,11.0,12.0,37.0,55.0,90.0,70.0,84.0,86.0,81.0,1st & S Capitol St SE / Oxon Run Trail
9.0,4.0,12.0,22.0,32.0,45.0,56.0,31.0,16.0,9.0,13.0,2.0,14.0,20.0,28.0,31.0,41.0,49.0,27.0,34.0,South Capitol & Atlantic St SW
9.0,4.0,12.0,61.0,65.0,42.0,45.0,37.0,12.0,20.0,4.0,8.0,2.0,19.0,24.0,20.0,22.0,11.0,11.0,10.0,Amherst Ave & Prichard Rd
9.0,22.0,17.0,20.0,31.0,21.0,19.0,23.0,13.0,12.0,4.0,7.0,2.0,6.0,12.0,13.0,16.0,29.0,15.0,24.0,State Theatre / Park Pl & N Washington St
9.0,7.0,18.0,42.0,47.0,47.0,61.0,38.0,39.0,35.0,13.0,7.0,5.0,25.0,27.0,16.0,22.0,24.0,27.0,22.0,Spring St & 2nd Ave
8.0,4.0,5.0,57.0,65.0,53.0,66.0,59.0,49.0,27.0,11.0,14.0,3.0,9.0,14.0,59.0,54.0,45.0,49.0,37.0,Nannie Helen Burroughs Ave & 49th St NE
8.0,3.0,5.0,30.0,24.0,2.0,9.0,22.0,14.0,24.0,9.0,1.0,1.0,9.0,6.0,10.0,14.0,9.0,13.0,3.0,Blueridge Ave & Elkin St
7.0,25.0,32.0,36.0,19.0,23.0,28.0,21.0,7.0,16.0,,14.0,4.0,13.0,6.0,30.0,17.0,18.0,24.0,23.0,Reston YMCA
7.0,6.0,13.0,32.0,47.0,33.0,31.0,44.0,37.0,16.0,11.0,7.0,4.0,17.0,34.0,35.0,48.0,34.0,34.0,19.0,Dennis Ave & Amherst Ave
7.0,3.0,9.0,18.0,27.0,19.0,48.0,32.0,24.0,22.0,8.0,12.0,5.0,24.0,25.0,16.0,15.0,22.0,10.0,26.0,Takoma Park Rec Center
7.0,3.0,12.0,26.0,25.0,34.0,13.0,22.0,22.0,5.0,7.0,1.0,3.0,13.0,15.0,22.0,15.0,24.0,9.0,17.0,Hyattsville Library / Adelphi Rd & Toledo Rd
6.0,2.0,16.0,81.0,81.0,65.0,64.0,43.0,40.0,7.0,19.0,16.0,6.0,30.0,22.0,25.0,39.0,47.0,41.0,35.0,Deanwood Rec Center
6.0,22.0,46.0,31.0,70.0,48.0,52.0,78.0,44.0,36.0,37.0,12.0,10.0,24.0,33.0,58.0,59.0,52.0,34.0,65.0,N Oak St & W Broad St
6.0,8.0,19.0,23.0,50.0,77.0,51.0,72.0,91.0,56.0,22.0,43.0,11.0,13.0,26.0,12.0,29.0,34.0,32.0,44.0,Oglethorpe St & 42nd Ave
6.0,9.0,21.0,44.0,51.0,28.0,29.0,9.0,9.0,16.0,9.0,8.0,10.0,13.0,11.0,12.0,9.0,14.0,28.0,27.0,Branch & Pennsylvania Ave SE
6.0,3.0,,2.0,19.0,5.0,4.0,3.0,2.0,4.0,,1.0,,,18.0,10.0,21.0,9.0,2.0,,Joliet St & MLK Ave SW/Bald Eagle Rec Ctr
6.0,6.0,27.0,65.0,60.0,31.0,21.0,27.0,24.0,4.0,5.0,8.0,1.0,28.0,32.0,22.0,37.0,15.0,27.0,16.0,Fallsgrove Dr & W Montgomery Ave
6.0,5.0,18.0,24.0,32.0,21.0,33.0,38.0,19.0,21.0,14.0,13.0,3.0,20.0,49.0,43.0,35.0,32.0,48.0,57.0,Citadel Ave & McGrath Blvd
6.0,4.0,18.0,24.0,29.0,11.0,6.0,17.0,10.0,2.0,3.0,14.0,9.0,8.0,14.0,27.0,19.0,48.0,11.0,13.0,Town Center Pkwy & Bowman Towne Dr
6.0,4.0,14.0,31.0,19.0,22.0,24.0,13.0,17.0,12.0,3.0,1.0,2.0,7.0,20.0,10.0,9.0,13.0,13.0,8.0,Wheaton Library & Community Rec Center
6.0,3.0,3.0,35.0,48.0,38.0,72.0,21.0,13.0,5.0,4.0,5.0,6.0,11.0,5.0,32.0,36.0,21.0,14.0,22.0,Westpark Dr & Leesburg Pike
5.0,2.0,3.0,54.0,44.0,33.0,20.0,22.0,15.0,17.0,9.0,5.0,3.0,20.0,34.0,21.0,23.0,26.0,25.0,24.0,61st St & Banks Pl NE
5.0,6.0,6.0,20.0,34.0,34.0,16.0,23.0,7.0,11.0,1.0,2.0,3.0,11.0,23.0,28.0,21.0,47.0,33.0,14.0,Tysons One Pl & Chain Bridge Rd
5.0,2.0,9.0,11.0,12.0,22.0,17.0,9.0,15.0,2.0,3.0,1.0,,7.0,3.0,6.0,6.0,14.0,7.0,6.0,Jones Branch & Westbranch Dr
5.0,2.0,5.0,26.0,24.0,17.0,14.0,7.0,15.0,8.0,1.0,,,7.0,12.0,13.0,6.0,12.0,5.0,7.0,1301 McCormick Dr / Wayne K. Curry Admin Bldg
5.0,11.0,19.0,22.0,26.0,22.0,54.0,40.0,22.0,21.0,13.0,13.0,9.0,18.0,52.0,53.0,48.0,54.0,64.0,47.0,Garland Ave & Walden Rd
5.0,2.0,7.0,23.0,21.0,38.0,29.0,33.0,25.0,18.0,4.0,6.0,2.0,22.0,18.0,20.0,32.0,30.0,26.0,35.0,New Hampshire & Kirklynn Ave
5.0,8.0,11.0,47.0,56.0,32.0,28.0,28.0,13.0,29.0,6.0,1.0,3.0,10.0,22.0,10.0,31.0,38.0,17.0,34.0,New Dominion Pkwy & Fountain Dr
4.0,2.0,13.0,14.0,10.0,,,,,,,,,,,,,,,,Crabbs Branch Way & Calhoun Pl
4.0,3.0,8.0,23.0,35.0,34.0,27.0,33.0,24.0,15.0,8.0,11.0,9.0,24.0,17.0,19.0,10.0,17.0,26.0,30.0,Capitol Heights Metro
4.0,12.0,7.0,44.0,42.0,34.0,31.0,14.0,24.0,17.0,7.0,7.0,1.0,12.0,15.0,36.0,38.0,13.0,11.0,17.0,Nannie Helen Burroughs & Minnesota Ave NE
4.0,3.0,8.0,50.0,67.0,38.0,21.0,17.0,12.0,21.0,3.0,3.0,3.0,9.0,8.0,38.0,21.0,16.0,31.0,25.0,Windham Ln & Amherst Ave
4.0,2.0,9.0,21.0,33.0,38.0,36.0,25.0,17.0,11.0,7.0,10.0,7.0,25.0,22.0,36.0,26.0,16.0,9.0,12.0,New Hampshire Ave & East-West Hwy
4.0,2.0,6.0,32.0,74.0,52.0,39.0,18.0,27.0,17.0,12.0,13.0,3.0,17.0,35.0,61.0,52.0,59.0,33.0,51.0,Livingston Rd & 3rd St SE
4.0,9.0,8.0,19.0,15.0,16.0,10.0,13.0,13.0,9.0,1.0,,1.0,8.0,15.0,14.0,6.0,17.0,19.0,26.0,McLean Metro
3.0,1.0,19.0,24.0,24.0,33.0,10.0,8.0,7.0,5.0,9.0,6.0,5.0,11.0,15.0,11.0,23.0,21.0,16.0,20.0,Largo Rd & Campus Way / Prince Georges's Comm Col
3.0,7.0,13.0,11.0,11.0,2.0,7.0,3.0,6.0,2.0,5.0,6.0,,1.0,6.0,5.0,7.0,9.0,3.0,2.0,Jones Branch Drive & Scotts Crossing Rd
3.0,13.0,20.0,41.0,49.0,29.0,42.0,19.0,10.0,9.0,3.0,4.0,2.0,7.0,8.0,10.0,16.0,18.0,12.0,10.0,Spring Hill Metro
3.0,5.0,15.0,45.0,22.0,20.0,33.0,13.0,10.0,19.0,3.0,,5.0,10.0,9.0,20.0,9.0,29.0,13.0,19.0,North Shore Dr & Village Rd
3.0,,7.0,19.0,39.0,9.0,36.0,27.0,12.0,2.0,10.0,,,5.0,6.0,10.0,14.0,18.0,10.0,12.0,Corporate Blvd & Omega Dr
3.0,5.0,4.0,25.0,30.0,31.0,19.0,16.0,7.0,2.0,5.0,3.0,1.0,,13.0,27.0,9.0,17.0,6.0,2.0,19th & Savannah St SE
3.0,2.0,10.0,15.0,23.0,18.0,20.0,13.0,8.0,5.0,1.0,8.0,11.0,5.0,9.0,23.0,9.0,12.0,16.0,19.0,Traville Gateway Dr & Gudelsky Dr
3.0,2.0,9.0,42.0,40.0,49.0,49.0,58.0,44.0,13.0,13.0,20.0,21.0,27.0,23.0,27.0,21.0,36.0,30.0,19.0,E Montgomery Ave & Maryland Ave
3.0,3.0,3.0,8.0,4.0,1.0,17.0,9.0,3.0,6.0,,1.0,,3.0,2.0,8.0,3.0,5.0,7.0,7.0,Campus Commons
2.0,3.0,10.0,32.0,58.0,39.0,33.0,46.0,17.0,13.0,3.0,8.0,3.0,11.0,13.0,25.0,41.0,50.0,27.0,25.0,Randle Circle & Minnesota Ave SE
2.0,7.0,8.0,8.0,16.0,10.0,,11.0,7.0,6.0,2.0,1.0,1.0,14.0,27.0,17.0,26.0,11.0,22.0,12.0,Tysons West Transit Center
2.0,8.0,16.0,38.0,60.0,84.0,57.0,20.0,16.0,17.0,8.0,6.0,6.0,16.0,42.0,31.0,11.0,26.0,24.0,13.0,Monroe St & Monroe Pl
2.0,8.0,18.0,66.0,78.0,110.0,63.0,38.0,29.0,10.0,6.0,9.0,8.0,22.0,39.0,12.0,36.0,47.0,27.0,26.0,Valley Ave & Wheeler Rd SE
2.0,6.0,7.0,33.0,15.0,29.0,26.0,32.0,10.0,6.0,8.0,16.0,15.0,22.0,22.0,12.0,18.0,23.0,22.0,5.0,Columbus Ave & Gramercy Blvd
2.0,3.0,8.0,39.0,76.0,36.0,45.0,41.0,32.0,8.0,2.0,1.0,2.0,5.0,10.0,13.0,18.0,30.0,11.0,19.0,Northwestern High School
2.0,1.0,1.0,39.0,45.0,20.0,26.0,11.0,4.0,8.0,2.0,2.0,5.0,12.0,25.0,20.0,29.0,32.0,23.0,40.0,Mississippi Ave & 19th St SE / THEARC
2.0,2.0,1.0,13.0,19.0,27.0,14.0,11.0,8.0,12.0,7.0,,4.0,19.0,16.0,16.0,28.0,13.0,18.0,17.0,Oxon Hill Park & Ride
1.0,2.0,9.0,93.0,97.0,63.0,52.0,35.0,15.0,7.0,5.0,3.0,,5.0,22.0,28.0,19.0,32.0,34.0,32.0,Fallsgrove Blvd & Fallsgrove Dr
1.0,2.0,6.0,2.0,5.0,13.0,17.0,3.0,3.0,8.0,3.0,,,10.0,19.0,5.0,10.0,14.0,13.0,9.0,Greensboro & International Dr
1.0,4.0,13.0,17.0,7.0,17.0,14.0,9.0,9.0,7.0,4.0,3.0,1.0,3.0,2.0,4.0,21.0,6.0,2.0,9.0,United Medical Center
1.0,6.0,2.0,13.0,24.0,14.0,19.0,4.0,5.0,8.0,1.0,2.0,1.0,5.0,3.0,5.0,4.0,11.0,8.0,9.0,37th & Ely Pl SE
1.0,1.0,,16.0,28.0,20.0,25.0,15.0,9.0,6.0,2.0,2.0,,7.0,8.0,10.0,12.0,7.0,9.0,13.0,Key West Ave & Great Seneca Hwy
1.0,2.0,,40.0,10.0,20.0,3.0,8.0,6.0,1.0,2.0,2.0,,1.0,2.0,7.0,14.0,21.0,7.0,6.0,Reston Pkwy & Spectrum Dr
1.0,1.0,6.0,7.0,4.0,20.0,14.0,8.0,4.0,3.0,6.0,3.0,,6.0,8.0,20.0,8.0,19.0,9.0,14.0,Southern Ave Metro
1.0,4.0,9.0,12.0,14.0,9.0,14.0,17.0,6.0,10.0,5.0,2.0,4.0,7.0,15.0,22.0,5.0,5.0,7.0,8.0,Greensboro & Pinnacle Dr
,8.0,5.0,11.0,13.0,12.0,10.0,16.0,4.0,,1.0,2.0,,2.0,3.0,7.0,4.0,13.0,11.0,12.0,Reston Regional Library
,6.0,4.0,13.0,28.0,8.0,28.0,15.0,5.0,7.0,3.0,1.0,1.0,4.0,16.0,18.0,14.0,15.0,11.0,6.0,Montgomery College / W Campus Dr & Mannakee St
,4.0,13.0,54.0,38.0,30.0,38.0,42.0,35.0,6.0,1.0,2.0,2.0,5.0,19.0,12.0,9.0,33.0,17.0,5.0,Key West Ave & Diamondback Dr
,2.0,2.0,4.0,2.0,8.0,7.0,6.0,7.0,18.0,1.0,2.0,3.0,6.0,3.0,15.0,8.0,9.0,14.0,14.0,North Shore & Cameron Crescent Dr/Crescent Apartments
,2.0,1.0,20.0,8.0,,,,,,,,,,,,,,,,Crabbs Branch Way & Redland Rd
,1.0,,8.0,,,,,,,,,,,,,,,,,Broschart & Blackwell Rd
,,73.0,181.0,306.0,289.0,259.0,271.0,255.0,217.0,164.0,163.0,96.0,241.0,287.0,340.0,426.0,331.0,368.0,481.0,Grant Circle
,,28.0,137.0,233.0,326.0,322.0,257.0,217.0,290.0,183.0,189.0,160.0,320.0,414.0,553.0,627.0,764.0,742.0,938.0,8th & H St NE
,,14.0,120.0,189.0,156.0,170.0,182.0,133.0,99.0,75.0,96.0,93.0,115.0,113.0,169.0,194.0,187.0,233.0,285.0,Hardy Rec Center
,,,259.0,455.0,1024.0,1222.0,1280.0,1344.0,1114.0,557.0,574.0,402.0,865.0,1196.0,1414.0,1478.0,1750.0,1687.0,1856.0,New Hampshire Ave & Ward Pl NW
,,,141.0,125.0,80.0,47.0,48.0,24.0,8.0,5.0,4.0,3.0,13.0,23.0,31.0,34.0,19.0,17.0,31.0,Briggs Chaney Park & Ride
,,,89.0,97.0,136.0,185.0,168.0,164.0,120.0,82.0,74.0,47.0,94.0,124.0,101.0,99.0,129.0,158.0,164.0,Wilson Blvd. & N. Vermont St.
,,,77.0,56.0,45.0,24.0,12.0,13.0,9.0,2.0,5.0,3.0,17.0,17.0,20.0,21.0,36.0,16.0,17.0,Briggs Chaney & Castle Dr
,,,75.0,104.0,90.0,65.0,18.0,6.0,4.0,1.0,3.0,2.0,11.0,17.0,11.0,11.0,18.0,21.0,15.0,Castle Blvd & Castle Ln
,,,54.0,761.0,872.0,942.0,867.0,864.0,640.0,377.0,314.0,276.0,624.0,748.0,889.0,1059.0,1319.0,1079.0,1325.0,1st & K St NE
,,,47.0,54.0,72.0,35.0,55.0,53.0,37.0,,,,,,,,,,,Motivate BX Tech office
,,,43.0,21.0,25.0,23.0,41.0,29.0,24.0,14.0,5.0,3.0,21.0,19.0,22.0,16.0,11.0,10.0,11.0,Oak Leaf & Lockwood
,,,40.0,32.0,31.0,25.0,11.0,22.0,18.0,4.0,3.0,12.0,14.0,12.0,19.0,14.0,14.0,11.0,11.0,New Hampshire & Lockwood
,,,28.0,87.0,69.0,41.0,64.0,59.0,59.0,56.0,51.0,27.0,71.0,96.0,90.0,67.0,83.0,65.0,69.0,Minnesota Ave & R St SE
,,,27.0,56.0,53.0,28.0,20.0,10.0,6.0,1.0,,4.0,2.0,6.0,7.0,15.0,8.0,10.0,26.0,Stewart Ln & Old Columbia Pike
,,,23.0,40.0,20.0,13.0,24.0,7.0,3.0,4.0,4.0,1.0,6.0,7.0,10.0,25.0,18.0,12.0,17.0,White Oak Transit Center
,,,22.0,21.0,30.0,29.0,16.0,11.0,8.0,2.0,1.0,1.0,5.0,6.0,9.0,7.0,12.0,8.0,9.0,The Shoppes @ Burnt Mills
,,,21.0,25.0,29.0,24.0,91.0,,,,,,,,,,,,,N Pitt & Wythe St
,,,16.0,28.0,50.0,27.0,24.0,10.0,11.0,5.0,2.0,4.0,5.0,15.0,16.0,25.0,33.0,50.0,31.0,Vy Reston Heights
,,,14.0,,,,,,,,,,,,,,,,,1st & K NE
,,,12.0,20.0,10.0,5.0,5.0,,3.0,,1.0,1.0,3.0,5.0,4.0,3.0,7.0,9.0,5.0,White Oak Rec Center
,,,12.0,24.0,19.0,15.0,21.0,7.0,5.0,3.0,6.0,4.0,4.0,24.0,17.0,21.0,7.0,12.0,4.0,Stewart & April
,,,9.0,29.0,100.0,55.0,46.0,33.0,37.0,12.0,5.0,11.0,31.0,33.0,38.0,35.0,61.0,53.0,69.0,Wakefield High School
,,,4.0,16.0,35.0,47.0,23.0,14.0,32.0,10.0,18.0,6.0,18.0,12.0,20.0,38.0,46.0,42.0,55.0,Connecticut Ave & Chevy Chase Lake Dr
,,,,186.0,265.0,267.0,269.0,155.0,117.0,71.0,78.0,40.0,111.0,164.0,207.0,107.0,121.0,128.0,152.0,Oklahoma Ave & Benning Rd NE
,,,,1.0,28.0,56.0,58.0,35.0,44.0,12.0,11.0,7.0,22.0,35.0,35.0,26.0,38.0,26.0,29.0,Wheeler Ave & S. Floyd St.
,,,,1.0,56.0,57.0,46.0,60.0,43.0,11.0,25.0,14.0,25.0,41.0,46.0,31.0,47.0,58.0,64.0,N. Beauregard St. & Berkley St.
,,,,,454.0,454.0,337.0,262.0,227.0,89.0,115.0,53.0,251.0,273.0,263.0,270.0,321.0,242.0,264.0,Mt Vernon Trail & S. Washington St.
,,,,,44.0,123.0,139.0,163.0,141.0,92.0,87.0,72.0,92.0,104.0,124.0,126.0,130.0,96.0,128.0,Capitol Ave & Kendall St NE
,,,,,44.0,32.0,26.0,26.0,37.0,5.0,7.0,9.0,21.0,21.0,29.0,69.0,53.0,39.0,54.0,Eisenhower Ave & Ike Dr
,,,,,1.0,7.0,,,,,,,,,,,,,,Motivate Tech Office
,,,,,,421.0,696.0,750.0,621.0,348.0,359.0,356.0,600.0,744.0,944.0,1035.0,1241.0,1106.0,1329.0,14th & Q St NW
,,,,,,348.0,557.0,513.0,391.0,289.0,272.0,165.0,303.0,406.0,508.0,554.0,611.0,622.0,776.0,14th & D St SE
,,,,,,33.0,65.0,79.0,77.0,50.0,39.0,42.0,74.0,117.0,175.0,265.0,311.0,383.0,349.0,Half & Water St SW
,,,,,,,627.0,723.0,574.0,351.0,333.0,300.0,510.0,671.0,852.0,972.0,1190.0,1041.0,1198.0,13th & U St NW
,,,,,,,93.0,165.0,143.0,71.0,83.0,58.0,87.0,128.0,188.0,177.0,237.0,230.0,327.0,Stadium Armory Metro
,,,,,,,12.0,,,,,,,,,,,,,Broadbranch & Northampton NW
,,,,,,,6.0,109.0,80.0,33.0,47.0,24.0,70.0,64.0,127.0,103.0,129.0,113.0,88.0,St Asaph & Pendleton St
,,,,,,,5.0,5.0,5.0,2.0,1.0,,,3.0,,,,,2.0,6035 Warehouse
,,,,,,,4.0,47.0,48.0,17.0,19.0,15.0,26.0,35.0,31.0,45.0,51.0,56.0,95.0,Broad Branch Rd & Northampton St NW
,,,,,,,2.0,64.0,55.0,22.0,17.0,,,,,,,,,St. Asaph & Montgomery St
,,,,,,,,3.0,49.0,11.0,34.0,17.0,84.0,91.0,114.0,115.0,160.0,19.0,,Duke St & Strand (Robinson Terminal)
,,,,,,,,,980.0,753.0,699.0,514.0,925.0,1165.0,1520.0,1670.0,2054.0,1925.0,2234.0,Eastern Market Metro / Pennsylvania Ave & 8th St SE
,,,,,,,,,286.0,387.0,440.0,318.0,640.0,706.0,859.0,914.0,1098.0,968.0,1050.0,4th St & G St SW
,,,,,,,,,167.0,158.0,188.0,228.0,438.0,753.0,650.0,632.0,845.0,961.0,874.0,21st St & G st NW
,,,,,,,,,4.0,41.0,42.0,24.0,47.0,73.0,101.0,116.0,144.0,131.0,120.0,Kansas Ave & Longfellow St NW
,,,,,,,,,,46.0,44.0,24.0,70.0,116.0,165.0,142.0,145.0,127.0,140.0,National Airport
,,,,,,,,,,44.0,98.0,76.0,221.0,256.0,305.0,324.0,325.0,290.0,356.0,Wilson Blvd & N Oak St
,,,,,,,,,,37.0,81.0,47.0,121.0,153.0,155.0,151.0,182.0,208.0,193.0,Arlington Blvd & Fairfax Dr
,,,,,,,,,,33.0,21.0,,,,,,,,,Ft Myer Dr & Arlington Blvd
,,,,,,,,,,11.0,11.0,7.0,50.0,53.0,70.0,85.0,119.0,126.0,158.0,23rd St S & Hayes St
,,,,,,,,,,11.0,16.0,10.0,65.0,132.0,236.0,286.0,345.0,308.0,396.0,2nd & V St SW / James Creek Marina
,,,,,,,,,,5.0,122.0,112.0,369.0,483.0,708.0,737.0,826.0,684.0,816.0,1st St & Potomac Ave SE
,,,,,,,,,,4.0,11.0,12.0,39.0,36.0,81.0,79.0,95.0,85.0,67.0,Fern St & Army Navy Dr
,,,,,,,,,,2.0,,,,,,,,,,Wilson Blvd & Oak st
,,,,,,,,,,,202.0,272.0,557.0,661.0,864.0,1035.0,846.0,639.0,836.0,20th & Columbia Rd NW
,,,,,,,,,,,38.0,40.0,114.0,176.0,257.0,270.0,422.0,322.0,355.0,3rd & M st SE
,,,,,,,,,,,15.0,29.0,89.0,177.0,140.0,192.0,196.0,158.0,227.0,Arlington Blvd & Ft Myer Dr
,,,,,,,,,,,6.0,80.0,177.0,233.0,251.0,241.0,273.0,234.0,315.0,Wilson Blvd & N Quinn St
,,,,,,,,,,,3.0,6.0,30.0,7.0,8.0,4.0,7.0,7.0,22.0,53rd & D St SE/C.W. Harris Elementary
,,,,,,,,,,,3.0,15.0,77.0,70.0,125.0,170.0,124.0,141.0,36.0,N Pitt St & Montgomery St
,,,,,,,,,,,,19.0,195.0,258.0,373.0,329.0,309.0,252.0,246.0,Anacostia Roller Skating Pavillion
,,,,,,,,,,,,2.0,,,,,,,,MTL-ECO5-03
,,,,,,,,,,,,2.0,26.0,33.0,35.0,21.0,21.0,36.0,35.0,N Hampton Dr & Ford Ave
,,,,,,,,,,,,,213.0,375.0,494.0,429.0,530.0,395.0,532.0,15th & Harvard St NW
,,,,,,,,,,,,,27.0,84.0,56.0,103.0,160.0,110.0,144.0,S Clark St & 33rd St
,,,,,,,,,,,,,25.0,30.0,30.0,26.0,43.0,26.0,34.0,N Howard St & Taney Ave
,,,,,,,,,,,,,8.0,44.0,94.0,91.0,108.0,79.0,66.0,Columbia Pike & S Greenbrier St
,,,,,,,,,,,,,6.0,9.0,7.0,12.0,15.0,10.0,10.0,Whiting & Lane Dr
,,,,,,,,,,,,,,267.0,651.0,586.0,745.0,537.0,610.0,Thomas Jefferson St NW & Water/K St NW
,,,,,,,,,,,,,,,197.0,377.0,476.0,510.0,528.0,Rosslyn Metro / Wilson Blvd & N Moore St
,,,,,,,,,,,,,,,26.0,29.0,42.0,35.0,31.0,Kenmore Ave & Seminary Rd
,,,,,,,,,,,,,,,1.0,,,,,N Moore St & Rosslyn Metro
,,,,,,,,,,,,,,,,21.0,89.0,62.0,48.0,Greenbelt Station Parkway
,,,,,,,,,,,,,,,,18.0,37.0,53.0,25.0,Roosevelt Center & Crescent Rd
,,,,,,,,,,,,,,,,7.0,28.0,27.0,12.0,Crescent Rd & Ridge Rd
,,,,,,,,,,,,,,,,,69.0,279.0,294.0,Langston Blvd & N Scott St
,,,,,,,,,,,,,,,,,48.0,156.0,237.0,Langston Blvd & N Adams St
,,,,,,,,,,,,,,,,,40.0,19.0,16.0,Ridge Heights Rd & Seahawks Dr
,,,,,,,,,,,,,,,,,37.0,43.0,27.0,Reston Pkwy & Bennington Woods Rd
,,,,,,,,,,,,,,,,,34.0,99.0,112.0,Langston Blvd & N Monroe St
,,,,,,,,,,,,,,,,,34.0,73.0,68.0,Langston Blvd & N Kirkwood St
,,,,,,,,,,,,,,,,,22.0,75.0,47.0,South Gate Community Center
,,,,,,,,,,,,,,,,,18.0,99.0,96.0,Langston Blvd & N Woodstock St
,,,,,,,,,,,,,,,,,15.0,23.0,42.0,Golf Course Sq and Golf Course Dr
,,,,,,,,,,,,,,,,,15.0,18.0,19.0,Links Dr & Wedge Dr
,,,,,,,,,,,,,,,,,14.0,20.0,10.0,South Lakes Dr and Reston Pkwy
,,,,,,,,,,,,,,,,,10.0,9.0,21.0,Green Range Dr and Glade Dr
,,,,,,,,,,,,,,,,,10.0,6.0,6.0,Fairway Dr & Hook Rd
,,,,,,,,,,,,,,,,,10.0,92.0,138.0,Langston Blvd & N Cleveland St
,,,,,,,,,,,,,,,,,10.0,14.0,17.0,Ring Rd & North Shore Dr
,,,,,,,,,,,,,,,,,6.0,17.0,26.0,Baron Cameron Ave & North Hampton Ave
,,,,,,,,,,,,,,,,,6.0,21.0,23.0,Meridian High School / Haycock Rd & Leesburg Pike
,,,,,,,,,,,,,,,,,5.0,9.0,16.0,Olde Crafts Dr and Cartwright Pl
,,,,,,,,,,,,,,,,,3.0,2.0,7.0,Inlet Ct & Wiehle Dr
,,,,,,,,,,,,,,,,,3.0,7.0,3.0,Vantage Hill Rd & Wainwright Dr
,,,,,,,,,,,,,,,,,2.0,12.0,38.0,Ridge Heights and Owl Cove Ln
,,,,,,,,,,,,,,,,,2.0,27.0,43.0,Lake Newport Rd and Autumn Ridge Cir
,,,,,,,,,,,,,,,,,1.0,15.0,10.0,Soapstone Dr Convenience Center
,,,,,,,,,,,,,,,,,,602.0,1021.0,1st & N St SE
,,,,,,,,,,,,,,,,,,569.0,789.0,15th & Euclid St NW
,,,,,,,,,,,,,,,,,,91.0,209.0,Wilson Blvd & Ft Myer Dr
,,,,,,,,,,,,,,,,,,74.0,86.0,Columbia Pike & S Scott St/12th St S
,,,,,,,,,,,,,,,,,,45.0,61.0,Long Bridge Aquatic ctr
,,,,,,,,,,,,,,,,,,43.0,54.0,Columbia Pike & George Mason Dr
,,,,,,,,,,,,,,,,,,24.0,65.0,S Randolph St & Campbell Ave
,,,,,,,,,,,,,,,,,,24.0,37.0,St. Elizabeths West Campus/DHS
,,,,,,,,,,,,,,,,,,7.0,589.0,MBT & Bryant St NE
,,,,,,,,,,,,,,,,,,3.0,24.0,8th Rd & S Frederick St
,,,,,,,,,,,,,,,,,,,86.0,Long Bridge Aquatic Center
,,,,,,,,,,,,,,,,,,,25.0,White House
,,,,,,,,,,,,,,,,,,,18.0,Becontree Ln & Goldenrain Ct
,,,,,,,,,,,,,,,,,,,9.0,North Village and Park Garden
,,,,,,,,,,,,,,,,,,,8.0,Hartland Rd & Harte Pl
,,,,,,,,,,,,,,,,,,,2.0,W&OD Trail bridge & N Washington St
