station_name,start_lng,start_lat,coord,geoms_y,neighborhood,coord2,zipcodes
10th & Florida Ave NW,-77.025672,38.920387,-77.025672 38.920387,POINT (-77.025672 38.920387),"Howard University, Le Droit Park, Cardozo/Shaw","38.920387, -77.025672",20060
13th St & New York Ave NW,-77.029822,38.900283,-77.029822 38.900283,POINT (-77.029822 38.900283),"Downtown, Chinatown, Penn Quarters, Mount Vernon Square, North Capitol Street","38.900283, -77.029822",20005
11th & C St SE,-76.991476,38.885908,-76.991476 38.885908,POINT (-76.99147600000001 38.885908),"Capitol Hill, Lincoln Park","38.885908, -76.991476",20003
Reservoir Rd & 38th St NW,-77.07432264076488,38.91261359469192,-77.07432264076488 38.91261359469192,POINT (-77.07432264076488 38.91261359469192),"Georgetown, Burleith/Hillandale","38.91261359469192, -77.07432264076488",20007
Rhode Island & Connecticut Ave NW,-77.03980207443237,38.905995699991145,-77.03980207443237 38.905995699991145,POINT (-77.03980207443237 38.90599569999114),"Dupont Circle, Connecticut Avenue/K Street","38.905995699991145, -77.03980207443237",20036
Eastern Market / 7th & North Carolina Ave SE,-76.996806,38.886952,-76.996806 38.886952,POINT (-76.99680600000001 38.886952),"Capitol Hill, Lincoln Park","38.886952, -76.996806",20003
Clarendon Metro / Wilson Blvd & N Highland St,-77.09525674581528,38.88701007722296,-77.09525674581528 38.88701007722296,,,"38.88701007722296, -77.09525674581528",22205
Edgewood Rec Center,-77.002098,38.924144,-77.002098 38.924144,POINT (-77.002098 38.924144),"Edgewood, Bloomingdale, Truxton Circle, Eckington","38.924144, -77.002098",20260
Mount Vernon Ave & Four Mile Run Park,-77.064016,38.843422,-77.064016 38.843422,,,"38.843422, -77.064016",22305
Harvard St & Adams Mill Rd NW,-77.04321566666667,38.927898166666665,-77.04321566666667 38.927898166666665,POINT (-77.04321566666667 38.92789816666667),"Kalorama Heights, Adams Morgan, Lanier Heights","38.927898166666665, -77.04321566666667",20009
Carlin Springs Rd & N Thomas St,-77.112982,38.876695,-77.112982 38.876695,,,"38.876695, -77.112982",22230
Four Mile Run Dr & S Walter Reed Dr,-77.095431,38.84736,-77.095431 38.84736,,,"38.84736, -77.095431",22206
Central Library / Quincy St & 10th St N,-77.10783,38.88397,-77.10783 38.88397,,,"38.88397, -77.10783",22217
Fessenden St & Wisconsin Ave NW,-77.082426,38.954812,-77.082426 38.954812,POINT (-77.082426 38.954812),"Friendship Heights, American University Park, Tenleytown","38.954812, -77.082426",20016
Commerce St & Fayette St,-77.05293,38.805648,-77.05293 38.805648,,,"38.805648, -77.05293",22314
Westover Library / Washington Blvd & N McKinley Rd,-77.142317,38.886048,-77.142317 38.886048,,,"38.886048, -77.142317",22205
4th & C St SW,-77.01770067214966,38.88637194054526,-77.01770067214966 38.88637194054526,POINT (-77.01770067214966 38.88637194054526),"Southwest Employment Area, Southwest/Waterfront, Fort McNair, Buzzard Point","38.88637194054526, -77.01770067214966",20202
Arlington Blvd & Fillmore St,-77.0893065,38.873724,-77.0893065 38.873724,,,"38.873724, -77.0893065",22201
Grant Circle,-77.01822102069855,38.942024743273045,-77.01822102069855 38.942024743273045,POINT (-77.01822102069855 38.94202474327304),"Brightwood Park, Crestwood, Petworth","38.942024743273045, -77.01822102069855",20011
Market Square / King St & Royal St,-77.043363,38.804718,-77.043363 38.804718,,,"38.804718, -77.043363",22314
39th & Veazey St NW,-77.077078,38.943837,-77.077078 38.943837,POINT (-77.077078 38.943837),"Friendship Heights, American University Park, Tenleytown","38.943837, -77.077078",20016
6th & K St NE,-76.99840486049652,38.90293157359119,-76.99840486049652 38.90293157359119,POINT (-76.99840486049652 38.90293157359119),"Union Station, Stanton Park, Kingman Park","38.90293157359119, -76.99840486049652",20002
12th & Irving St NE,-76.990955,38.928644,-76.990955 38.928644,POINT (-76.990955 38.928644),"Brookland, Brentwood, Langdon","38.928644, -76.990955",20018
Takoma Metro,-77.016855,38.975219,-77.016855 38.975219,POINT (-77.01685500000001 38.975219),"Takoma, Brightwood, Manor Park","38.975219, -77.016855",20012
Four Mile Run Dr & S Shirlington Rd,-77.085931,38.8444,-77.085931 38.8444,,,"38.8444, -77.085931",22204-5360
Veterans Pl & Pershing Dr ,-77.0238655,38.997570333333336,-77.0238655 38.997570333333336,,,"38.997570333333336, -77.0238655",20910
1st & D St SE,-77.005965,38.884916,-77.005965 38.884916,POINT (-77.005965 38.884916),"Capitol Hill, Lincoln Park","38.884916, -77.005965",20003
White Oak Rec Center,-76.9757228,39.0461435,-76.9757228 39.0461435,,,"39.0461435, -76.9757228",20904
M St & Pennsylvania Ave NW,-77.056887,38.905126,-77.056887 38.905126,POINT (-77.056887 38.905126),"Georgetown, Burleith/Hillandale","38.905126, -77.056887",20007
Army Navy Dr & S Joyce St,-77.06341624259947,38.86331354301248,-77.06341624259947 38.86331354301248,,,"38.86331354301248, -77.06341624259947",22204
7th & T St NW,-77.0222,38.9155,-77.0222 38.9155,POINT (-77.0222 38.9155),"Howard University, Le Droit Park, Cardozo/Shaw","38.9155, -77.0222",20060
4th & M St SW,-77.017898,38.876697,-77.017898 38.876697,POINT (-77.017898 38.876697),"Southwest Employment Area, Southwest/Waterfront, Fort McNair, Buzzard Point","38.876697, -77.017898",20024
2nd & G St NE,-77.003666,38.89967,-77.003666 38.89967,POINT (-77.003666 38.89967),"Union Station, Stanton Park, Kingman Park","38.89967, -77.003666",20002
22nd & P ST NW,-77.048728,38.909394,-77.048728 38.909394,POINT (-77.048728 38.909394),"Dupont Circle, Connecticut Avenue/K Street","38.909394, -77.048728",20036-5305
18th & R St NW,-77.041834,38.912648,-77.041834 38.912648,POINT (-77.04183399999999 38.912648),"Dupont Circle, Connecticut Avenue/K Street","38.912648, -77.041834",20009-5540
Rosslyn Metro / Wilson Blvd & N Moore St,-77.07145214080809,38.896086906318665,-77.07145214080809 38.896086906318665,,,"38.896086906318665, -77.07145214080809",22209
Royal St & Wilkes St,-77.0447,38.799267,-77.0447 38.799267,,,"38.799267, -77.0447",22314
Maryland Ave & 17th St NE,-76.978627,38.901935,-76.978627 38.901935,POINT (-76.978627 38.901935),"Ivy City, Arboretum, Trinidad, Carver Langston","38.901935, -76.978627",20002
Army Navy Dr & S Nash St,-77.06812083721161,38.86215024521491,-77.06812083721161 38.86215024521491,,,"38.86215024521491, -77.06812083721161",22202
Clark St & 26th St S,-77.05152,38.850688,-77.05152 38.850688,,,"38.850688, -77.05152",22202
Medical Center Metro ,-77.097882,38.999378,-77.097882 38.999378,,,"38.999378, -77.097882",20814
Potomac Ave & 35th St S,-77.050537,38.844015,-77.050537 38.844015,,,"38.844015, -77.050537",22202
Bladensburg Rd & Benning Rd NE,-76.982872,38.900413,-76.982872 38.900413,POINT (-76.982872 38.900413),"Ivy City, Arboretum, Trinidad, Carver Langston","38.900413, -76.982872",20018
Wilson Blvd & Ft Myer Dr,-77.072305,38.8946,-77.072305 38.8946,,,"38.8946, -77.072305",22209
Potomac & M St NW,-77.065149,38.905368,-77.065149 38.905368,POINT (-77.06514900000001 38.905368),"Georgetown, Burleith/Hillandale","38.905368, -77.065149",20057
1st St & Potomac Ave SE,-77.00591,38.871841,-77.00591 38.871841,POINT (-77.00591 38.871841),"Near Southeast, Navy Yard","38.871841, -77.00591",20590
Riverdale Park Town Center,-76.9355475,38.9621145,-76.9355475 38.9621145,,,"38.9621145, -76.9355475",20781
6th & H St NE,-76.998347,38.899972,-76.998347 38.899972,POINT (-76.998347 38.899972),"Union Station, Stanton Park, Kingman Park","38.899972, -76.998347",20002
12th & U St NW,-77.028139,38.916787,-77.028139 38.916787,POINT (-77.028139 38.916787),"Howard University, Le Droit Park, Cardozo/Shaw","38.916787, -77.028139",20010
10th & K St NW,-77.02622,38.9024,-77.02622 38.9024,POINT (-77.02622 38.9024),"Downtown, Chinatown, Penn Quarters, Mount Vernon Square, North Capitol Street","38.9024, -77.02622",20001
Long Bridge Park / Long Bridge Dr & 6th St S,-77.05003,38.865553,-77.05003 38.865553,,,"38.865553, -77.05003",22202
Kenmore St & 24th St S,-77.084918,38.848454,-77.084918 38.848454,,,"38.848454, -77.084918",22206
North Shore Dr & Village Rd,-77.340844,38.9703585,-77.340844 38.9703585,,,"38.9703585, -77.340844",20190
23rd St S & Hayes St,-77.059496,38.853002,-77.059496 38.853002,,,"38.853002, -77.059496",22202
Broad Branch Rd & Northampton St NW,-77.06862643361092,38.96577499342219,-77.06862643361092 38.96577499342219,POINT (-77.06862643361092 38.96577499342219),"Hawthorne, Barnaby Woods, Chevy Chase","38.96577499342219, -77.06862643361092",20015
Woodmont Ave & Strathmore St,-77.09341683333334,38.979933,-77.09341683333334 38.979933,,,"38.979933, -77.09341683333334",22814
Smithsonian-National Mall / Jefferson Dr & 12th St SW,-77.028694,38.888774,-77.028694 38.888774,POINT (-77.028694 38.888774),"National Mall, Potomac River","38.888774, -77.028694",20560
Fishers Ln & Rock Creek Mill Rd,-77.11344433333333,39.062825,-77.11344433333333 39.062825,,,"39.062825, -77.11344433333333",20857
New Jersey Ave & N St NW/Dunbar HS,-77.01536044478416,38.90733256111448,-77.01536044478416 38.90733256111448,POINT (-77.01536044478416 38.90733256111448),"Edgewood, Bloomingdale, Truxton Circle, Eckington","38.90733256111448, -77.01536044478416",20001
N Quincy St & Glebe Rd,-77.10771183333334,38.87633616666667,-77.10771183333334 38.87633616666667,,,"38.87633616666667, -77.10771183333334",22203
Pleasant St & MLK Ave SE,-76.990037,38.863897,-76.990037 38.863897,POINT (-76.990037 38.863897),Historic Anacostia,"38.863897, -76.990037",20020
21st St & Constitution Ave NW,-77.046567,38.892459,-77.046567 38.892459,POINT (-77.046567 38.892459),"National Mall, Potomac River","38.892459, -77.046567",20009
1st & H St NW,-77.012108,38.900358,-77.012108 38.900358,POINT (-77.012108 38.900358),"Downtown, Chinatown, Penn Quarters, Mount Vernon Square, North Capitol Street","38.900358, -77.012108",20401
Jefferson Memorial,-77.037413,38.879819,-77.037413 38.879819,POINT (-77.037413 38.879819),"National Mall, Potomac River","38.879819, -77.037413",20250
Kennebec St & 11th St N,-77.135271,38.880992,-77.135271 38.880992,,,"38.880992, -77.135271",22205
2nd St & Seaton Pl NE,-77.00356006622314,38.91475110883116,-77.00356006622314 38.91475110883116,POINT (-77.00356006622314 38.91475110883116),"Edgewood, Bloomingdale, Truxton Circle, Eckington","38.91475110883116, -77.00356006622314",20002
East West Hwy & Blair Mill Rd,-77.02932566666667,38.9902965,-77.02932566666667 38.9902965,,,"38.9902965, -77.02932566666667",20911
6035 Warehouse,-77.010266,38.96381,-77.010266 38.96381,POINT (-77.010266 38.96381),"Takoma, Brightwood, Manor Park","38.96381, -77.010266",20011
Wilson Blvd & N Uhle St,-77.0846,38.891696,-77.0846 38.891696,,,"38.891696, -77.0846",22205
Amherst Ave & Elkins St,-77.047788,39.044887,-77.047788 39.044887,,,"39.044887, -77.047788",20902
34th & Water St NW,-77.067529,38.903732,-77.067529 38.903732,POINT (-77.06752899999999 38.903732),"Georgetown, Burleith/Hillandale","38.903732, -77.067529",20566
Columbia & Ontario Rd NW,-77.040787,38.924088,-77.040787 38.924088,POINT (-77.04078699999999 38.924088),"Kalorama Heights, Adams Morgan, Lanier Heights","38.924088, -77.040787",20009
Pennsylvania & Minnesota Ave SE,-76.971015,38.873057,-76.971015 38.873057,POINT (-76.97101499999999 38.873057),"Twining, Fairlawn, Randle Highlands, Penn Branch, Fort Davis Park, Fort Dupont","38.873057, -76.971015",20020
Oklahoma Ave & D St NE,-76.974828,38.894474,-76.974828 38.894474,POINT (-76.974828 38.894474),"Union Station, Stanton Park, Kingman Park","38.894474, -76.974828",20002
17th & Corcoran St NW,-77.0387,38.9121,-77.0387 38.9121,POINT (-77.03870000000001 38.9121),"Dupont Circle, Connecticut Avenue/K Street","38.9121, -77.0387",20009
Massachusetts Ave & 6th St NE,-76.998273,38.892934,-76.998273 38.892934,POINT (-76.998273 38.892934),"Union Station, Stanton Park, Kingman Park","38.892934, -76.998273",20549
Minnesota Ave & R St SE,-76.978519,38.8693365,-76.978519 38.8693365,POINT (-76.97851900000001 38.8693365),"Twining, Fairlawn, Randle Highlands, Penn Branch, Fort Davis Park, Fort Dupont","38.8693365, -76.978519",20020
King Greenleaf Rec Center,-77.012443,38.876211,-77.012443 38.876211,POINT (-77.012443 38.876211),"Southwest Employment Area, Southwest/Waterfront, Fort McNair, Buzzard Point","38.876211, -77.012443",20053
Eckington Pl & Q St NE,-77.00495,38.910972,-77.00495 38.910972,POINT (-77.00494999999999 38.910972),"Edgewood, Bloomingdale, Truxton Circle, Eckington","38.910972, -77.00495",20002
Thomas Circle,-77.0325,38.9059,-77.0325 38.9059,POINT (-77.0325 38.9059),"Shaw, Logan Circle","38.9059, -77.0325",20005
18th & M St NW,-77.04177886247635,38.90506687455313,-77.04177886247635 38.90506687455313,POINT (-77.04177886247635 38.90506687455313),"Dupont Circle, Connecticut Avenue/K Street","38.90506687455313, -77.04177886247635",20036
20th & L St NW,-77.044789,38.903584,-77.044789 38.903584,POINT (-77.04478899999999 38.903584),"Dupont Circle, Connecticut Avenue/K Street","38.903584, -77.044789",20009
Arlington Blvd & N Queen St,-77.077294,38.889365,-77.077294 38.889365,,,"38.889365, -77.077294",22211
10th & U St NW,-77.0259,38.9172,-77.0259 38.9172,POINT (-77.02589999999999 38.9172),"Howard University, Le Droit Park, Cardozo/Shaw","38.9172, -77.0259",20010
14th & G St NW,-77.032278,38.898409,-77.032278 38.898409,POINT (-77.03227800000001 38.898409),"Downtown, Chinatown, Penn Quarters, Mount Vernon Square, North Capitol Street","38.898409, -77.032278",20005
10th & Monroe St NE,-76.992889,38.932514,-76.992889 38.932514,POINT (-76.99288900000001 38.932514),"Brookland, Brentwood, Langdon","38.932514, -76.992889",20064
Alabama & MLK Ave SE,-76.99937582015991,38.84322988730829,-76.99937582015991 38.84322988730829,POINT (-76.99937582015991 38.84322988730829),"Congress Heights, Bellevue, Washington Highlands","38.84322988730829, -76.99937582015991",20020
Calvert St & Woodley Pl NW,-77.050046,38.923583,-77.050046 38.923583,POINT (-77.05004599999999 38.923583),"Cleveland Park, Woodley Park, Massachusetts Avenue Heights, Woodland-Normanstone Terrace","38.923583, -77.050046",20009-5540
11th & S St NW,-77.027025,38.913761,-77.027025 38.913761,POINT (-77.02702499999999 38.913761),"Shaw, Logan Circle","38.913761, -77.027025",20010
Columbia Pike & S Scott St/12th St S,-77.077201,38.863556,-77.077201 38.863556,,,"38.863556, -77.077201",22204
Mount Vernon Ave & Bruce St,-77.06303283333334,38.84130666666667,-77.06303283333334 38.84130666666667,,,"38.84130666666667, -77.06303283333334",22305
34th St & Wisconsin Ave NW,-77.0682,38.916442,-77.0682 38.916442,POINT (-77.0682 38.916442),"Georgetown, Burleith/Hillandale","38.916442, -77.0682",20007
Georgia Ave & Emerson St NW,-77.02734966666667,38.9496995,-77.02734966666667 38.9496995,POINT (-77.02734966666667 38.9496995),"Brightwood Park, Crestwood, Petworth","38.9496995, -77.02734966666667",20011
Lee Center,-77.053766,38.797557,-77.053766 38.797557,,,"38.797557, -77.053766",22314
GMU / Fairfax Dr & Kenmore St,-77.10105966666667,38.8846465,-77.10105966666667 38.8846465,,,"38.8846465, -77.10105966666667",22201
Congressional Ln & E Jefferson St,-77.129235,39.06219,-77.129235 39.06219,,,"39.06219, -77.129235",20852
Carroll & Westmoreland Ave,-77.01121,38.975,-77.01121 38.975,,,"38.975, -77.01121",20912
15th & East Capitol St NE,-76.983326,38.889908,-76.983326 38.889908,POINT (-76.98332600000001 38.889908),"Capitol Hill, Lincoln Park","38.889908, -76.983326",20003
Stewart Ln & Old Columbia Pike,-76.98553383333333,39.04562166666667,-76.98553383333333 39.04562166666667,,,"39.04562166666667, -76.98553383333333",20904
21st St & Pennsylvania Ave NW,-77.046564,38.901539,-77.046564 38.901539,POINT (-77.046564 38.901539),"Dupont Circle, Connecticut Avenue/K Street","38.901539, -77.046564",20009
15th & K St NW,-77.03353,38.902,-77.03353 38.902,POINT (-77.03353 38.902),"Downtown, Chinatown, Penn Quarters, Mount Vernon Square, North Capitol Street","38.902, -77.03353",20005
Hartland Rd & Harte Pl,-77.222808,38.878601,-77.222808 38.878601,,,"38.878601, -77.222808",22180
Town Center Pkwy & Bowman Towne Dr,-77.361902,38.962524,-77.361902 38.962524,,,"38.962524, -77.361902",20190-3208
Anacostia Metro,-76.994637,38.862669,-76.994637 38.862669,POINT (-76.994637 38.862669),"Sheridan, Barry Farm, Buena Vista","38.862669, -76.994637",20020
Spring St & 2nd Ave,-77.03453616666667,38.99754166666666,-77.03453616666667 38.99754166666666,,,"38.99754166666666, -77.03453616666667",20910
Sunset Hills & Old Reston Ave,-77.351649,38.955079,-77.351649 38.955079,,,"38.955079, -77.351649",20190
Oglethorpe St & 42nd Ave,-76.946361,38.959361,-76.946361 38.959361,,,"38.959361, -76.946361",20781
Van Ness Metro / UDC,-77.063896,38.944551,-77.063896 38.944551,POINT (-77.063896 38.944551),"North Cleveland Park, Forest Hills, Van Ness","38.944551, -77.063896",20015
Gravelly Point,-77.039511,38.865029,-77.039511 38.865029,,,"38.865029, -77.039511",20310
New Hampshire Ave & Ward Pl NW,-77.0473176240921,38.90571079190728,-77.0473176240921 38.90571079190728,POINT (-77.0473176240921 38.90571079190728),"West End, Foggy Bottom, GWU","38.90571079190728, -77.0473176240921",20036
Columbia Rd & Georgia Ave NW,-77.0237946510315,38.92812111132096,-77.0237946510315 38.92812111132096,POINT (-77.02379465103149 38.92812111132096),"Columbia Heights, Mt. Pleasant, Pleasant Plains, Park View","38.92812111132096, -77.0237946510315",20009
Baltimore Ave & Jefferson St,-76.940133,38.95548,-76.940133 38.95548,,,"38.95548, -76.940133",20781
Wilson Blvd & N Quincy St,-77.107854,38.880012,-77.107854 38.880012,,,"38.880012, -77.107854",22217
M St & New Jersey Ave SE,-77.0037,38.8763,-77.0037 38.8763,POINT (-77.00369999999999 38.8763),"Near Southeast, Navy Yard","38.8763, -77.0037",20590
Union Market,-76.99707,38.907908,-76.99707 38.907908,POINT (-76.99706999999999 38.907908),"Ivy City, Arboretum, Trinidad, Carver Langston","38.907908, -76.99707",20001
Columbia Pike & S Orme St,-77.072315,38.867262,-77.072315 38.867262,,,"38.867262, -77.072315",22204
3rd & H St NW,-77.0150965,38.899372166666666,-77.0150965 38.899372166666666,POINT (-77.0150965 38.89937216666667),"Downtown, Chinatown, Penn Quarters, Mount Vernon Square, North Capitol Street","38.899372166666666, -77.0150965",20001
Lynn St & 19th St North,-77.070993,38.897315,-77.070993 38.897315,,,"38.897315, -77.070993",22209
Barton St & 10th St N,-77.08777,38.884961,-77.08777 38.884961,,,"38.884961, -77.08777",22201
Reston Town Center Transit Station,-77.359718,38.957037,-77.359718 38.957037,,,"38.957037, -77.359718",20191-3407
Oklahoma Ave & Benning Rd NE,-76.9695094,38.8974996,-76.9695094 38.8974996,POINT (-76.96950940000001 38.8974996),"Union Station, Stanton Park, Kingman Park","38.8974996, -76.9695094",20002
Hains Point/Buckeye & Ohio Dr SW,-77.03023,38.878433,-77.03023 38.878433,POINT (-77.03023 38.878433),"National Mall, Potomac River","38.878433, -77.03023",20585
11th & M St NW,-77.027313,38.9055785,-77.027313 38.9055785,POINT (-77.02731300000001 38.9055785),"Downtown, Chinatown, Penn Quarters, Mount Vernon Square, North Capitol Street","38.9055785, -77.027313",20005
14th & Newton St NW,-77.0329935,38.93196983333333,-77.0329935 38.93196983333333,POINT (-77.0329935 38.93196983333333),"Columbia Heights, Mt. Pleasant, Pleasant Plains, Park View","38.93196983333333, -77.0329935",20010
Court House Metro / 15th St & N Uhle St,-77.084801,38.890612,-77.084801 38.890612,,,"38.890612, -77.084801",22201
North Capitol St & F St NW,-77.009888,38.897446,-77.009888 38.897446,POINT (-77.009888 38.897446),"Downtown, Chinatown, Penn Quarters, Mount Vernon Square, North Capitol Street","38.897446, -77.009888",20401
Columbia Pike & S Courthouse Rd,-77.08030683333334,38.86388616666667,-77.08030683333334 38.86388616666667,,,"38.86388616666667, -77.08030683333334",22204
Calvert & Biltmore St NW,-77.047637,38.923203,-77.047637 38.923203,POINT (-77.04763699999999 38.923203),"Kalorama Heights, Adams Morgan, Lanier Heights","38.923203, -77.047637",20009-5540
4th St & K St NW,-77.01600551605225,38.90240556584194,-77.01600551605225 38.90240556584194,POINT (-77.01600551605225 38.90240556584194),"Downtown, Chinatown, Penn Quarters, Mount Vernon Square, North Capitol Street","38.90240556584194, -77.01600551605225",20001
Congress Heights Metro,-76.98784633333334,38.84475183333333,-76.98784633333334 38.84475183333333,POINT (-76.98784633333334 38.84475183333333),"Douglas, Shipley Terrace","38.84475183333333, -76.98784633333334",20020
King St Metro North / Cameron St,-77.059817,38.80704,-77.059817 38.80704,,,"38.80704, -77.059817",22305
Columbia Pike & S Greenbrier St,-77.118106,38.854019,-77.118106 38.854019,,,"38.854019, -77.118106",22003:22204
Oxon Hill Park & Ride,-77.00103,38.798749,-77.00103 38.798749,,,"38.798749, -77.00103",20744
36th & Calvert St NW / Glover Park,-77.070334,38.922581,-77.070334 38.922581,POINT (-77.070334 38.922581),Observatory Circle,"38.922581, -77.070334",20008:20016
8th & O St NW,-77.02277,38.90864,-77.02277 38.90864,POINT (-77.02276999999999 38.90864),"Shaw, Logan Circle","38.90864, -77.02277",2005
8th Rd & S Frederick St,-77.116339,38.857049,-77.116339 38.857049,,,"38.857049, -77.116339",22204
Potomac Ave & Main Line Blvd,-77.04938016666667,38.82271,-77.04938016666667 38.82271,,,"38.82271, -77.04938016666667",22301-1645
Crystal City Metro / 18th St & S Bell St,-77.05169767141342,38.85778509815245,-77.05169767141342 38.85778509815245,,,"38.85778509815245, -77.05169767141342",22202
Greensboro & International Dr,-77.227417,38.923083,-77.227417 38.923083,,,"38.923083, -77.227417",22103
S Maple Ave & S Washington St,-77.178408,38.87972,-77.178408 38.87972,,,"38.87972, -77.178408",22046
15th St & Massachusetts Ave SE,-76.983569,38.88732,-76.983569 38.88732,POINT (-76.983569 38.88732),"Capitol Hill, Lincoln Park","38.88732, -76.983569",20002
3rd & G St SE,-77.001828,38.881185,-77.001828 38.881185,POINT (-77.001828 38.881185),"Capitol Hill, Lincoln Park","38.881185, -77.001828",20003
Neal St & Trinidad Ave NE,-76.987211,38.903732,-76.987211 38.903732,POINT (-76.987211 38.903732),"Ivy City, Arboretum, Trinidad, Carver Langston","38.903732, -76.987211",20002
12th & Newton St NE,-76.991016,38.933668,-76.991016 38.933668,POINT (-76.991016 38.933668),"Brookland, Brentwood, Langdon","38.933668, -76.991016",20017
Maine Ave & 9th St SW,-77.025236,38.88044,-77.025236 38.88044,POINT (-77.02523600000001 38.88044),"Southwest Employment Area, Southwest/Waterfront, Fort McNair, Buzzard Point","38.88044, -77.025236",20219
USDA / 12th & C St SW,-77.02824175357819,38.88627694506511,-77.02824175357819 38.88627694506511,POINT (-77.02824175357819 38.88627694506511),"Southwest Employment Area, Southwest/Waterfront, Fort McNair, Buzzard Point","38.88627694506511, -77.02824175357819",20013
4th & East Capitol St NE,-77.000349,38.889955,-77.000349 38.889955,POINT (-77.000349 38.889955),"Capitol Hill, Lincoln Park","38.889955, -77.000349",20003
St Asaph & Pendleton St,-77.0446327328682,38.81074147938705,-77.0446327328682 38.81074147938705,,,"38.81074147938705, -77.0446327328682",22314
Wheeler Ave & S. Floyd St.,-77.100796,38.808161,-77.100796 38.808161,,,"38.808161, -77.100796",22304
Roosevelt Island,-77.06714,38.896553,-77.06714 38.896553,,,"38.896553, -77.06714",22209
Battery Ln & Trolley Trail,-77.100104,38.992375,-77.100104 38.992375,,,"38.992375, -77.100104",20814
47th & Elm St,-77.091991,38.982456,-77.091991 38.982456,,,"38.982456, -77.091991",22814
Henry Bacon Dr & Lincoln Memorial Circle NW,-77.049383,38.890539,-77.049383 38.890539,POINT (-77.04938300000001 38.890539),"National Mall, Potomac River","38.890539, -77.049383",20418
25th St & Pennsylvania Ave NW,-77.053485,38.903827,-77.053485 38.903827,POINT (-77.05348499999999 38.903827),"West End, Foggy Bottom, GWU","38.903827, -77.053485",20037
37th & O St NW / Georgetown University,-77.071652,38.90774,-77.071652 38.90774,POINT (-77.071652 38.90774),"Georgetown, Burleith/Hillandale","38.90774, -77.071652",20057
4th & D St NW / Judiciary Square,-77.01609533333334,38.89553816666667,-77.01609533333334 38.89553816666667,POINT (-77.01609533333334 38.89553816666667),"Downtown, Chinatown, Penn Quarters, Mount Vernon Square, North Capitol Street","38.89553816666667, -77.01609533333334",20001
18th & New Hampshire Ave NW,-77.041829,38.911268,-77.041829 38.911268,POINT (-77.04182900000001 38.911268),"Dupont Circle, Connecticut Avenue/K Street","38.911268, -77.041829",20009
New Dominion Pkwy & Fountain Dr,-77.356324,38.960574,-77.356324 38.960574,,,"38.960574, -77.356324",20190
Westpark & Jones Branch Dr,-77.217664,38.924437,-77.217664 38.924437,,,"38.924437, -77.217664",22102
Potomac Greens Dr & Slaters Ln,-77.0475385,38.821754166666665,-77.0475385 38.821754166666665,,,"38.821754166666665, -77.0475385",22314-5352
Baltimore Ave & Van Buren St / Riverdale Park Station,-76.937349,38.969581,-76.937349 38.969581,,,"38.969581, -76.937349",20781
15th & Euclid St NW,-77.0352,38.92333,-77.0352 38.92333,POINT (-77.0352 38.92333),"Columbia Heights, Mt. Pleasant, Pleasant Plains, Park View","38.92333, -77.0352",20009
13th St & Eastern Ave,-77.029417,38.987,-77.029417 38.987,,,"38.987, -77.029417",20910
Fenton St & New York Ave ,-77.023082,38.985404,-77.023082 38.985404,,,"38.985404, -77.023082",20307
9th & Upshur St NW,-77.0251,38.9418,-77.0251 38.9418,POINT (-77.02509999999999 38.9418),"Brightwood Park, Crestwood, Petworth","38.9418, -77.0251",20012
Wilson Blvd & N Edgewood St,-77.09186241030693,38.889396070923496,-77.09186241030693 38.889396070923496,,,"38.889396070923496, -77.09186241030693",22201
Nannie Helen Burroughs Ave & 49th St NE,-76.931862,38.898536,-76.931862 38.898536,POINT (-76.931862 38.898536),"Deanwood, Burrville, Grant Park, Lincoln Heights, Fairmont Heights","38.898536, -76.931862",20019
Georgia & New Hampshire Ave NW,-77.02418088912964,38.9366839345886,-77.02418088912964 38.9366839345886,POINT (-77.02418088912964 38.9366839345886),"Brightwood Park, Crestwood, Petworth","38.9366839345886, -77.02418088912964",20011
Prince George's Plaza Metro,-76.954803,38.965742,-76.954803 38.965742,,,"38.965742, -76.954803",20782
Livingston Rd & 3rd St SE,-77.00223,38.82373,-77.00223 38.82373,POINT (-77.00223 38.82373),"Congress Heights, Bellevue, Washington Highlands","38.82373, -77.00223",20032
Westpark & Park Run Dr,-77.225394,38.928919,-77.225394 38.928919,,,"38.928919, -77.225394",22102
Piccard & W Gude Dr,-77.17716566666667,39.10221633333333,-77.17716566666667 39.10221633333333,,,"39.10221633333333, -77.17716566666667",20850
Garland Ave & Walden Rd,-77.000744,39.0004545,-77.000744 39.0004545,,,"39.0004545, -77.000744",20901
Fallsgrove Blvd & Fallsgrove Dr,-77.192672,39.096312,-77.192672 39.096312,,,"39.096312, -77.192672",20878-4816
North Village and Park Garden,-77.341823,38.983199,-77.341823 38.983199,,,"38.983199, -77.341823",20194
Lyttonsville Rd & Lyttonsville Pl,-77.051168,38.999679,-77.051168 38.999679,,,"38.999679, -77.051168",20910
Silver Spring Transit Center - Top Level,-77.030407,38.99398966666666,-77.030407 38.99398966666666,,,"38.99398966666666, -77.030407",20910
Clarendon Blvd & Pierce St,-77.076389,38.893438,-77.076389 38.893438,,,"38.893438, -77.076389",22209
Mt Vernon Trail & S. Washington St.,-77.049436,38.7930647,-77.049436 38.7930647,,,"38.7930647, -77.049436",22314
S Clark St & 33rd St,-77.051956,38.845028,-77.051956 38.845028,,,"38.845028, -77.051956",22202
14th & Girard St NW,-77.032527,38.92525366666667,-77.032527 38.92525366666667,POINT (-77.032527 38.92525366666667),"Columbia Heights, Mt. Pleasant, Pleasant Plains, Park View","38.92525366666667, -77.032527",20009
16th & R St NW,-77.036278,38.912652,-77.036278 38.912652,POINT (-77.036278 38.912652),"Dupont Circle, Connecticut Avenue/K Street","38.912652, -77.036278",20009-5540
New York Ave & 15th St NW,-77.03335404396057,38.89903234416315,-77.03335404396057 38.89903234416315,POINT (-77.03335404396057 38.89903234416315),"Downtown, Chinatown, Penn Quarters, Mount Vernon Square, North Capitol Street","38.89903234416315, -77.03335404396057",20005-1015
Convention Center / 7th & M St NW,-77.02227,38.905737,-77.02227 38.905737,POINT (-77.02227000000001 38.905737),"Shaw, Logan Circle","38.905737, -77.02227",20220
4th & W St NE,-77.000648,38.919077,-77.000648 38.919077,POINT (-77.000648 38.919077),"Edgewood, Bloomingdale, Truxton Circle, Eckington","38.919077, -77.000648",20260
Rhode Island Ave & V St NE,-77.004746,38.918155,-77.004746 38.918155,POINT (-77.004746 38.918155),"Edgewood, Bloomingdale, Truxton Circle, Eckington","38.918155, -77.004746",20260
Massachusetts Ave & Dupont Circle NW,-77.0444,38.9101,-77.0444 38.9101,POINT (-77.0444 38.9101),"Dupont Circle, Connecticut Avenue/K Street","38.9101, -77.0444",20008
14th & Otis Pl NW,-77.032687,38.934405,-77.032687 38.934405,POINT (-77.032687 38.934405),"Columbia Heights, Mt. Pleasant, Pleasant Plains, Park View","38.934405, -77.032687",20010
Clarendon Blvd & N Fillmore St,-77.09308,38.8881,-77.09308 38.8881,,,"38.8881, -77.09308",22201
Hardy Rec Center,-77.08564639091492,38.90970086204467,-77.08564639091492 38.90970086204467,POINT (-77.08564639091492 38.90970086204467),"Spring Valley, Palisades, Wesley Heights, Foxhall Crescent, Foxhall Village, Georgetown Reservoir","38.90970086204467, -77.08564639091492",20007
Wilson Blvd & N Oak St,-77.07386,38.895068,-77.07386 38.895068,,,"38.895068, -77.07386",22209
1st & O St NW,-77.012365,38.908643,-77.012365 38.908643,POINT (-77.012365 38.908643),"Edgewood, Bloomingdale, Truxton Circle, Eckington","38.908643, -77.012365",20554
14th & Q St NW,-77.03188,38.910674,-77.03188 38.910674,POINT (-77.03188 38.910674),"Shaw, Logan Circle","38.910674, -77.03188",20005
Lincoln Park / 13th & East Capitol St NE ,-76.988355,38.890461,-76.988355 38.890461,POINT (-76.988355 38.890461),"Capitol Hill, Lincoln Park","38.890461, -76.988355",20002
8th & D St NW,-77.02312916666666,38.89472466666667,-77.02312916666666 38.89472466666667,POINT (-77.02312916666666 38.89472466666667),"Downtown, Chinatown, Penn Quarters, Mount Vernon Square, North Capitol Street","38.89472466666667, -77.02312916666666",20004
Long Bridge Aquatic Center,-77.04409494996071,38.87056104566178,-77.04409494996071 38.87056104566178,,,"38.87056104566178, -77.04409494996071",20310
Wilson Blvd & N Franklin Rd,-77.0889,38.8904,-77.0889 38.8904,,,"38.8904, -77.0889",22205
Shady Grove Hospital,-77.196636,39.097636,-77.196636 39.097636,,,"39.097636, -77.196636",20850
Sunset Hills Rd & Isaac Newton Square,-77.340377,38.951443,-77.340377 38.951443,,,"38.951443, -77.340377",20190-5004
Capitol Heights Metro,-76.91315783333333,38.88851283333333,-76.91315783333333 38.88851283333333,,,"38.88851283333333, -76.91315783333333",20743
Links Dr & Wedge Dr,-77.339295,38.959025,-77.339295 38.959025,,,"38.959025, -77.339295",20190
Traville Gateway Dr & Gudelsky Dr,-77.202501,39.093783,-77.202501 39.093783,,,"39.093783, -77.202501",20878-4816
Rosedale Rec Center,-76.979634,38.897808,-76.979634 38.897808,POINT (-76.979634 38.897808),"Union Station, Stanton Park, Kingman Park","38.897808, -76.979634",20002
4th & M St SE,-77.000736,38.876751,-77.000736 38.876751,POINT (-77.000736 38.876751),"Near Southeast, Navy Yard","38.876751, -77.000736",20003
Pershing Dr & Wayne St,-77.08596,38.880705,-77.08596 38.880705,,,"38.880705, -77.08596",22201
John McCormack Dr & Michigan Ave NE,-76.9955,38.9346,-76.9955 38.9346,POINT (-76.99550000000001 38.9346),"North Michigan Park, Michigan Park, University Heights","38.9346, -76.9955",20064
Alabama Ave & Stanton Rd SE / Shops at Park Village,-76.98185,38.84627,-76.98185 38.84627,POINT (-76.98184999999999 38.84627),"Douglas, Shipley Terrace","38.84627, -76.98185",20020
Fallsgrove Dr & W Montgomery Ave,-77.18791266666666,39.09942816666667,-77.18791266666666 39.09942816666667,,,"39.09942816666667, -77.18791266666666",20850
14th & Luzon St NW,-77.03346416666666,38.9694625,-77.03346416666666 38.9694625,POINT (-77.03346416666666 38.9694625),"Takoma, Brightwood, Manor Park","38.9694625, -77.03346416666666",20012
53rd & D St SE/C.W. Harris Elementary,-76.925315,38.883318,-76.925315 38.883318,POINT (-76.925315 38.883318),"Capitol View, Marshall Heights, Benning Heights","38.883318, -76.925315",20019
Potomac & Pennsylvania Ave SE,-76.9862,38.8803,-76.9862 38.8803,POINT (-76.9862 38.8803),"Capitol Hill, Lincoln Park","38.8803, -76.9862",20003
5th & F St NW,-77.019347,38.897222,-77.019347 38.897222,POINT (-77.019347 38.897222),"Downtown, Chinatown, Penn Quarters, Mount Vernon Square, North Capitol Street","38.897222, -77.019347",20004
Langston Blvd & N Cleveland St,-77.09169,38.894941,-77.09169 38.894941,,,"38.894941, -77.09169",22205
Arlington Blvd & S George Mason Dr,-77.104503,38.869442,-77.104503 38.869442,,,"38.869442, -77.104503",22204
Wakefield High School,-77.1125502884388,38.847129045742605,-77.1125502884388 38.847129045742605,,,"38.847129045742605, -77.1125502884388",22206
Wisconsin Ave & Newark St NW,-77.072755,38.934881,-77.072755 38.934881,POINT (-77.072755 38.934881),"Cathedral Heights, McLean Gardens, Glover Park","38.934881, -77.072755",20007
Pershing Dr & N George Mason Dr,-77.107906,38.871822,-77.107906 38.871822,,,"38.871822, -77.107906",22203
Duke St & John Carlyle St,-77.060866,38.804378,-77.060866 38.804378,,,"38.804378, -77.060866",22314
Franklin St & S Washington St,-77.0487,38.798133,-77.0487 38.798133,,,"38.798133, -77.0487",22314
Long Bridge Aquatic ctr,-77.04409494996071,38.87056104566178,-77.04409494996071 38.87056104566178,,,"38.87056104566178, -77.04409494996071",20310
Yuma St & Tenley Circle NW,-77.08059,38.946182,-77.08059 38.946182,POINT (-77.08059 38.946182),"Friendship Heights, American University Park, Tenleytown","38.946182, -77.08059",20016
John McCormack Rd NE,-76.99726616666666,38.93873816666667,-76.99726616666666 38.93873816666667,POINT (-76.99726616666666 38.93873816666667),"North Michigan Park, Michigan Park, University Heights","38.93873816666667, -76.99726616666666",20064
Citadel Ave & McGrath Blvd,-77.10933,39.049,-77.10933 39.049,,,"39.049, -77.10933",20852
Crystal Dr & 23rd St S,-77.049723,38.852929,-77.049723 38.852929,,,"38.852929, -77.049723",22202
Montello Ave & Holbrook Terr NE,-76.986813,38.907444,-76.986813 38.907444,POINT (-76.986813 38.907444),"Ivy City, Arboretum, Trinidad, Carver Langston","38.907444, -76.986813",20002
American University East Campus,-77.087128,38.936298,-77.087128 38.936298,POINT (-77.08712800000001 38.936298),"Cathedral Heights, McLean Gardens, Glover Park","38.936298, -77.087128",20016
White Oak Transit Center,-76.987125,39.04104,-76.987125 39.04104,,,"39.04104, -76.987125",20904
Utah St & 11th St N,-77.113905,38.883669,-77.113905 38.883669,,,"38.883669, -77.113905",22201
Deanwood Rec Center,-76.933099,38.908473,-76.933099 38.908473,POINT (-76.933099 38.908473),"Deanwood, Burrville, Grant Park, Lincoln Heights, Fairmont Heights","38.908473, -76.933099",20019
Maine Ave & 7th St SW,-77.02305436134338,38.87869359939696,-77.02305436134338 38.87869359939696,POINT (-77.02305436134338 38.87869359939696),"Southwest Employment Area, Southwest/Waterfront, Fort McNair, Buzzard Point","38.87869359939696, -77.02305436134338",20024
L'Enfant Plaza / 7th & C St SW,-77.022241,38.886266,-77.022241 38.886266,POINT (-77.02224099999999 38.886266),"Southwest Employment Area, Southwest/Waterfront, Fort McNair, Buzzard Point","38.886266, -77.022241",20585
Maple & Ritchie Ave,-77.006398,38.983611333333336,-77.006398 38.983611333333336,,,"38.983611333333336, -77.006398",20912
Cordell & Norfolk Ave,-77.098029,38.98954,-77.098029 38.98954,,,"38.98954, -77.098029",20814
West Falls Church Metro,-77.1887,38.9001,-77.1887 38.9001,,,"38.9001, -77.1887",22043
Henry St & Pendleton St,-77.050276,38.811456,-77.050276 38.811456,,,"38.811456, -77.050276",22314
Town Center Pkwy & Sunset Hills Rd,-77.363094,38.955171,-77.363094 38.955171,,,"38.955171, -77.363094",20191-3407
Westpark Dr & Leesburg Pike,-77.23605,38.924017,-77.23605 38.924017,,,"38.924017, -77.23605",22103
State Theatre / Park Pl & N Washington St,-77.170032,38.882746,-77.170032 38.882746,,,"38.882746, -77.170032",22046
Fenton St & Gist Ave,-77.023883,38.989705,-77.023883 38.989705,,,"38.989705, -77.023883",20910
South Capitol & Atlantic St SW,-77.008133,38.831516,-77.008133 38.831516,POINT (-77.008133 38.831516),"Congress Heights, Bellevue, Washington Highlands","38.831516, -77.008133",20032
Washington Blvd & Walter Reed Dr ,-77.082104,38.873219,-77.082104 38.873219,,,"38.873219, -77.082104",22214
Eads St & 12th St S,-77.05428,38.862753,-77.05428 38.862753,,,"38.862753, -77.05428",22202
Independence Ave & L'Enfant Plaza SW/DOE,-77.02578783333334,38.887328333333336,-77.02578783333334 38.887328333333336,POINT (-77.02578783333334 38.88732833333334),"Southwest Employment Area, Southwest/Waterfront, Fort McNair, Buzzard Point","38.887328333333336, -77.02578783333334",20585
21st St & N Pierce St,-77.078317,38.898984,-77.078317 38.898984,,,"38.898984, -77.078317",22209
17th St & Massachusetts Ave NW,-77.038359,38.908142,-77.038359 38.908142,POINT (-77.038359 38.908142),"Dupont Circle, Connecticut Avenue/K Street","38.908142, -77.038359",20009
Fenton St & Ellsworth Dr ,-77.025608,38.997033,-77.025608 38.997033,,,"38.997033, -77.025608",20910
TJ Cmty Ctr / 2nd St & S Old Glebe Rd,-77.095596,38.869418,-77.095596 38.869418,,,"38.869418, -77.095596",22204
5th & Kennedy St NW,-77.0198142528534,38.95655554772196,-77.0198142528534 38.95655554772196,POINT (-77.01981425285339 38.95655554772196),"Brightwood Park, Crestwood, Petworth","38.95655554772196, -77.0198142528534",20012
The Shoppes @ Burnt Mills,-77.0041415,39.03158966666667,-77.0041415 39.03158966666667,,,"39.03158966666667, -77.0041415",20901
Randle Circle & Minnesota Ave SE,-76.960709,38.87802916666666,-76.960709 38.87802916666666,POINT (-76.96070899999999 38.87802916666666),"River Terrace, Benning, Greenway, Dupont Park","38.87802916666666, -76.960709",20019
18th St & Rhode Island Ave NE,-76.978924,38.927095,-76.978924 38.927095,POINT (-76.97892400000001 38.927095),"Brookland, Brentwood, Langdon","38.927095, -76.978924",20018
D St & Maryland Ave NE,-76.99591577053069,38.89484064247075,-76.99591577053069 38.89484064247075,POINT (-76.99591577053069 38.89484064247075),"Union Station, Stanton Park, Kingman Park","38.89484064247075, -76.99591577053069",20002
14th & Belmont St NW,-77.03146783333334,38.92079066666667,-77.03146783333334 38.92079066666667,POINT (-77.03146783333334 38.92079066666667),"Columbia Heights, Mt. Pleasant, Pleasant Plains, Park View","38.92079066666667, -77.03146783333334",20009
Division Ave & Foote St NE,-76.925907,38.897407,-76.925907 38.897407,POINT (-76.925907 38.897407),"Deanwood, Burrville, Grant Park, Lincoln Heights, Fairmont Heights","38.897407, -76.925907",20019
North Shore & Cameron Crescent Dr/Crescent Apartments,-77.338686,38.970046,-77.338686 38.970046,,,"38.970046, -77.338686",20190
Columbus Circle / Union Station,-77.00493,38.89696,-77.00493 38.89696,POINT (-77.00493 38.89696),"Union Station, Stanton Park, Kingman Park","38.89696, -77.00493",20549
Ring Rd & North Shore Dr,-77.326761,38.970807,-77.326761 38.970807,,,"38.970807, -77.326761",20190
Roosevelt Center & Crescent Rd,-76.878005,39.00031,-76.878005 39.00031,,,"39.00031, -76.878005",20770
Grandview & Blueridge Ave,-77.05305766666666,39.043266333333335,-77.05305766666666 39.043266333333335,,,"39.043266333333335, -77.05305766666666",20902
National Airport,-77.045916,38.852903,-77.045916 38.852903,,,"38.852903, -77.045916",22202
Briggs Chaney & Castle Dr,-76.945495,39.081638,-76.945495 39.081638,,,"39.081638, -76.945495",20866
New Hampshire & Kirklynn Ave,-76.988422,38.988101,-76.988422 38.988101,,,"38.988101, -76.988422",20912
Monroe St & Monroe Pl,-77.149162,39.083673,-77.149162 39.083673,,,"39.083673, -77.149162",20850
Carroll & Ethan Allen Ave,-77.006472,38.977933,-77.006472 38.977933,,,"38.977933, -77.006472",20912
14th St & Colorado Ave NW,-77.032947,38.956432,-77.032947 38.956432,POINT (-77.03294699999999 38.956432),"Brightwood Park, Crestwood, Petworth","38.956432, -77.032947",20011
MBT & Bryant St NE,-76.9960230588913,38.92240364115446,-76.9960230588913 38.92240364115446,POINT (-76.9960230588913 38.92240364115446),"Edgewood, Bloomingdale, Truxton Circle, Eckington","38.92240364115446, -76.9960230588913",20260
Windham Ln & Amherst Ave,-77.04735,39.032029,-77.04735 39.032029,,,"39.032029, -77.04735",20902
US Dept of State / Virginia Ave & 21st St NW,-77.046587,38.894919,-77.046587 38.894919,POINT (-77.046587 38.894919),"National Mall, Potomac River","38.894919, -77.046587",20009
Oak Leaf & Lockwood,-76.9945391,39.0379809,-76.9945391 39.0379809,,,"39.0379809, -76.9945391",20901
24th & N St NW,-77.05152,38.9066,-77.05152 38.9066,POINT (-77.05152 38.9066),"West End, Foggy Bottom, GWU","38.9066, -77.05152",20036-5305
C & O Canal & Wisconsin Ave NW,-77.06269,38.90375,-77.06269 38.90375,POINT (-77.06269 38.90375),"Georgetown, Burleith/Hillandale","38.90375, -77.06269",20566
18th St & Wyoming Ave NW,-77.041571,38.918809,-77.041571 38.918809,POINT (-77.041571 38.918809),"Kalorama Heights, Adams Morgan, Lanier Heights","38.918809, -77.041571",20009
White Flint Metro,-77.11287,39.04753,-77.11287 39.04753,,,"39.04753, -77.11287",20852
North Capitol & R St NE,-77.00880133333334,38.91244133333333,-77.00880133333334 38.91244133333333,POINT (-77.00880133333334 38.91244133333333),"Edgewood, Bloomingdale, Truxton Circle, Eckington","38.91244133333333, -77.00880133333334",20002
8th & H St NW,-77.0232335,38.89967583333333,-77.0232335 38.89967583333333,POINT (-77.0232335 38.89967583333333),"Downtown, Chinatown, Penn Quarters, Mount Vernon Square, North Capitol Street","38.89967583333333, -77.0232335",20220
Medical Center Dr & Key West Ave,-77.196442,39.103091,-77.196442 39.103091,,,"39.103091, -77.196442",20850
Chillum Rd & Riggs Rd / Riggs Plaza,-76.995922,38.961737,-76.995922 38.961737,,,"38.961737, -76.995922",20783
Northwestern High School,-76.952199,38.975505,-76.952199 38.975505,,,"38.975505, -76.952199",20783
Columbus Ave & Tribeca St,-77.167059,39.125828,-77.167059 39.125828,,,"39.125828, -77.167059",20880
Rhode Island & Montana Ave NE,-76.9859,38.9243,-76.9859 38.9243,POINT (-76.9859 38.9243),"Brookland, Brentwood, Langdon","38.9243, -76.9859",20018
N. Beauregard St. & Berkley St.,-77.10896566666666,38.8408015,-77.10896566666666 38.8408015,,,"38.8408015, -77.10896566666666",22311
1st & S Capitol St SE / Oxon Run Trail,-77.005497,38.824481,-77.005497 38.824481,POINT (-77.00549700000001 38.824481),"Congress Heights, Bellevue, Washington Highlands","38.824481, -77.005497",20032
Campus Commons,-77.335425,38.944707,-77.335425 38.944707,,,"38.944707, -77.335425",2091
Montgomery College / W Campus Dr & Mannakee St,-77.159048,39.095661,-77.159048 39.095661,,,"39.095661, -77.159048",20850
22nd & I St NW / Foggy Bottom,-77.048911,38.90088,-77.048911 38.90088,POINT (-77.048911 38.90088),"West End, Foggy Bottom, GWU","38.90088, -77.048911",20008
Connecticut Ave & Yuma St NW,-77.065115,38.947156,-77.065115 38.947156,POINT (-77.06511500000001 38.947156),"North Cleveland Park, Forest Hills, Van Ness","38.947156, -77.065115",20015
Washington Blvd & 7th St N,-77.090792,38.88081,-77.090792 38.88081,,,"38.88081, -77.090792",22201
N Lynn St & Fairfax Dr,-77.070862,38.89386,-77.070862 38.89386,,,"38.89386, -77.070862",22209
15th St & Pennsylvania Ave NW,-77.03335633333333,38.89644083333334,-77.03335633333333 38.89644083333334,POINT (-77.03335633333333 38.89644083333334),"Downtown, Chinatown, Penn Quarters, Mount Vernon Square, North Capitol Street","38.89644083333334, -77.03335633333333",20004
10th St & L'Enfant Plaza SW,-77.02601,38.884323,-77.02601 38.884323,POINT (-77.02601 38.884323),"Southwest Employment Area, Southwest/Waterfront, Fort McNair, Buzzard Point","38.884323, -77.02601",20585
King St & Patrick St,-77.04991633333333,38.805259,-77.04991633333333 38.805259,,,"38.805259, -77.04991633333333",22314
Ridge Heights and Owl Cove Ln,-77.331653,38.933923,-77.331653 38.933923,,,"38.933923, -77.331653",20191
Connecticut Ave & R St NW,-77.04564,38.912644,-77.04564 38.912644,POINT (-77.04564000000001 38.912644),"Dupont Circle, Connecticut Avenue/K Street","38.912644, -77.04564",20009-5540
United Medical Center,-76.983144,38.835737,-76.983144 38.835737,POINT (-76.983144 38.835737),"Douglas, Shipley Terrace","38.835737, -76.983144",20032
Connecticut Ave & Newark St NW / Cleveland Park,-77.057979,38.934267,-77.057979 38.934267,POINT (-77.057979 38.934267),"Cleveland Park, Woodley Park, Massachusetts Avenue Heights, Woodland-Normanstone Terrace","38.934267, -77.057979",20016
17th & K St NW,-77.03863,38.90276,-77.03863 38.90276,POINT (-77.03863 38.90276),"Dupont Circle, Connecticut Avenue/K Street","38.90276, -77.03863",20006-5346
14th & Upshur St NW,-77.03267812728882,38.942475355602845,-77.03267812728882 38.942475355602845,POINT (-77.03267812728882 38.94247535560284),"Brightwood Park, Crestwood, Petworth","38.942475355602845, -77.03267812728882",20010
6th St & Indiana Ave NW,-77.01994,38.894573,-77.01994 38.894573,POINT (-77.01994000000001 38.894573),"Downtown, Chinatown, Penn Quarters, Mount Vernon Square, North Capitol Street","38.894573, -77.01994",20001
Constitution Ave & 2nd St NW/DOL,-77.013917,38.892275,-77.013917 38.892275,POINT (-77.01391700000001 38.892275),"Downtown, Chinatown, Penn Quarters, Mount Vernon Square, North Capitol Street","38.892275, -77.013917",20548
National Harbor Carousel,-77.016722,38.7859025,-77.016722 38.7859025,,,"38.7859025, -77.016722",20745
14th & Rhode Island Ave NW,-77.0323,38.9086,-77.0323 38.9086,POINT (-77.03230000000001 38.9086),"Shaw, Logan Circle","38.9086, -77.0323",2005
Columbia Rd & Belmont St NW,-77.04361633333333,38.9205955,-77.04361633333333 38.9205955,POINT (-77.04361633333333 38.9205955),"Kalorama Heights, Adams Morgan, Lanier Heights","38.9205955, -77.04361633333333",20009
Good Hope & Naylor Rd SE,-76.969184,38.861663,-76.969184 38.861663,POINT (-76.969184 38.861663),"Fairfax Village, Naylor Gardens, Hillcrest, Summit Park","38.861663, -76.969184",20020
10th & E St NW,-77.026064,38.895914,-77.026064 38.895914,POINT (-77.02606400000001 38.895914),"Downtown, Chinatown, Penn Quarters, Mount Vernon Square, North Capitol Street","38.895914, -77.026064",20001
4th St & Mississippi Ave SE,-77.0009,38.836,-77.0009 38.836,POINT (-77.0009 38.836),"Congress Heights, Bellevue, Washington Highlands","38.836, -77.0009",20032
15th & L St NW,-77.034918,38.903649,-77.034918 38.903649,POINT (-77.034918 38.903649),"Dupont Circle, Connecticut Avenue/K Street","38.903649, -77.034918",20037
1st & M St NE,-77.005483,38.905697,-77.005483 38.905697,POINT (-77.005483 38.905697),"Union Station, Stanton Park, Kingman Park","38.905697, -77.005483",20002
3rd & H St NE,-77.001949,38.900412,-77.001949 38.900412,POINT (-77.001949 38.900412),"Union Station, Stanton Park, Kingman Park","38.900412, -77.001949",20002
New Hampshire Ave & 24th St NW,-77.051084,38.901755,-77.051084 38.901755,POINT (-77.051084 38.901755),"West End, Foggy Bottom, GWU","38.901755, -77.051084",20036-5305
Amherst Ave & Prichard Rd,-77.04840833333333,39.03595833333333,-77.04840833333333 39.03595833333333,,,"39.03595833333333, -77.04840833333333",20902
Stadium Armory Metro,-76.97718724608421,38.88548252734069,-76.97718724608421 38.88548252734069,POINT (-76.97718724608421 38.88548252734069),"Capitol Hill, Lincoln Park","38.88548252734069, -76.97718724608421",20003
7th & R St NW / Shaw Library,-77.022155,38.912719,-77.022155 38.912719,POINT (-77.022155 38.912719),"Shaw, Logan Circle","38.912719, -77.022155",20001
W&OD Trail bridge & N Washington St,-77.16212,38.88715,-77.16212 38.88715,,,"38.88715, -77.16212",22213
Montgomery Ave & Waverly St ,-77.09221,38.983838,-77.09221 38.983838,,,"38.983838, -77.09221",22814
Rhode Island Ave & 39th St / Brentwood Arts Exchange,-76.955047,38.939271,-76.955047 38.939271,,,"38.939271, -76.955047",20722
Blueridge Ave & Elkin St,-77.05001366666667,39.043164,-77.05001366666667 39.043164,,,"39.043164, -77.05001366666667",20902
King St Metro South,-77.060626745224,38.80576284873485,-77.060626745224 38.80576284873485,,,"38.80576284873485, -77.060626745224",22314
Sunset Hills Rd & Discovery Square,-77.357611,38.95534,-77.357611 38.95534,,,"38.95534, -77.357611",20191-3407
Eastern Market Metro / Pennsylvania Ave & 8th St SE,-76.99523448944092,38.88409514578027,-76.99523448944092 38.88409514578027,POINT (-76.99523448944092 38.88409514578027),"Capitol Hill, Lincoln Park","38.88409514578027, -76.99523448944092",20003
12th St & Pennsylvania Ave SE,-76.990121,38.882489,-76.990121 38.882489,POINT (-76.990121 38.882489),"Capitol Hill, Lincoln Park","38.882489, -76.990121",20003
15th & F St NE,-76.983588,38.89704983333333,-76.983588 38.89704983333333,POINT (-76.983588 38.89704983333333),"Union Station, Stanton Park, Kingman Park","38.89704983333333, -76.983588",20002
Virginia Ave & 25th St NW,-77.054155,38.8995,-77.054155 38.8995,POINT (-77.05415499999999 38.8995),"West End, Foggy Bottom, GWU","38.8995, -77.054155",20566
7th & F St NW / National Portrait Gallery,-77.02219069004059,38.89728304853854,-77.02219069004059 38.89728304853854,POINT (-77.02219069004059 38.89728304853854),"Downtown, Chinatown, Penn Quarters, Mount Vernon Square, North Capitol Street","38.89728304853854, -77.02219069004059",20004
20th St & Virginia Ave NW,-77.045128,38.894722,-77.045128 38.894722,POINT (-77.04512800000001 38.894722),"National Mall, Potomac River","38.894722, -77.045128",20009
Perry & 35th St,-76.960054,38.936213,-76.960054 38.936213,,,"38.936213, -76.960054",20722
Vantage Hill Rd & Wainwright Dr,-77.348487,38.9667,-77.348487 38.9667,,,"38.9667, -77.348487",20190
Friendship Blvd & Willard Ave,-77.08866933333333,38.96120183333333,-77.08866933333333 38.96120183333333,,,"38.96120183333333, -77.08866933333333",20815
19th & East Capitol St SE,-76.9769,38.8896,-76.9769 38.8896,POINT (-76.9769 38.8896),"Capitol Hill, Lincoln Park","38.8896, -76.9769",20002-7230
Mount Vernon Ave & Kennedy St,-77.059902,38.833044666666666,-77.059902 38.833044666666666,,,"38.833044666666666, -77.059902",23305
1st & N St SE,-77.0057,38.8743,-77.0057 38.8743,POINT (-77.0057 38.8743),"Near Southeast, Navy Yard","38.8743, -77.0057",20590
11th & Girard St NW,-77.027112,38.925636,-77.027112 38.925636,POINT (-77.027112 38.925636),"Columbia Heights, Mt. Pleasant, Pleasant Plains, Park View","38.925636, -77.027112",20010
N Veitch St & Key Blvd,-77.086063,38.893237,-77.086063 38.893237,,,"38.893237, -77.086063",22201
Hamlin & 7th St NE,-76.997194,38.927497,-76.997194 38.927497,POINT (-76.99719399999999 38.927497),"Edgewood, Bloomingdale, Truxton Circle, Eckington","38.927497, -76.997194",20017
Tysons One Pl & Chain Bridge Rd,-77.2212275,38.91943366666667,-77.2212275 38.91943366666667,,,"38.91943366666667, -77.2212275",22102
Tysons Corner Station,-77.222115,38.920939,-77.222115 38.920939,,,"38.920939, -77.222115",22102
N Hampton Dr & Ford Ave,-77.106157,38.837287833333335,-77.106157 38.837287833333335,,,"38.837287833333335, -77.106157",22311
New Hampshire Ave & East-West Hwy,-76.995227,38.974205,-76.995227 38.974205,,,"38.974205, -76.995227",20783
Reston Pkwy & Bennington Woods Rd,-77.351837,38.973625,-77.351837 38.973625,,,"38.973625, -77.351837",20194
Benning Rd & East Capitol St NE / Benning Rd Metro,-76.93715066666667,38.890066,-76.93715066666667 38.890066,POINT (-76.93715066666667 38.890066),"Capitol View, Marshall Heights, Benning Heights","38.890066, -76.93715066666667",20019
Minnesota Ave Metro/DOES,-76.947545,38.89699933333333,-76.947545 38.89699933333333,POINT (-76.94754500000001 38.89699933333333),"Mayfair, Hillbrook, Mahaning Heights","38.89699933333333, -76.947545",20019
W Broad St & Little Falls St,-77.17349283333333,38.88366916666666,-77.17349283333333 38.88366916666666,,,"38.88366916666666, -77.17349283333333",22046
Benning Branch Library,-76.94794116666667,38.89398383333333,-76.94794116666667 38.89398383333333,POINT (-76.94794116666667 38.89398383333333),"River Terrace, Benning, Greenway, Dupont Park","38.89398383333333, -76.94794116666667",20019
Washington Blvd & 10th St N,-77.093485,38.884734,-77.093485 38.884734,,,"38.884734, -77.093485",22213
Silver Spring Metro / Colesville Rd & Wayne Ave,-77.02912420034409,38.995256441231696,-77.02912420034409 38.995256441231696,,,"38.995256441231696, -77.02912420034409",20910
Fleet St & Ritchie Pkwy,-77.141378,39.076331,-77.141378 39.076331,,,"39.076331, -77.141378",20852
Jefferson Dr & 14th St SW,-77.032427,38.8885525,-77.032427 38.8885525,POINT (-77.032427 38.8885525),"National Mall, Potomac River","38.8885525, -77.032427",20250
Georgia Ave & Kennedy St NW,-77.02791,38.95674,-77.02791 38.95674,POINT (-77.02791000000001 38.95674),"Brightwood Park, Crestwood, Petworth","38.95674, -77.02791",20011
Executive Blvd & E Jefferson St,-77.1257,39.04873,-77.1257 39.04873,,,"39.04873, -77.1257",20852
14th & Irving St NW,-77.032224,38.928552,-77.032224 38.928552,POINT (-77.032224 38.928552),"Columbia Heights, Mt. Pleasant, Pleasant Plains, Park View","38.928552, -77.032224",20010
Tysons West Transit Center,-77.231825,38.932636,-77.231825 38.932636,,,"38.932636, -77.231825",22103
E Fairfax St & S Washington St,-77.171891,38.880612,-77.171891 38.880612,,,"38.880612, -77.171891",22046
Rhode Island Ave Metro,-76.995876,38.920682,-76.995876 38.920682,POINT (-76.995876 38.920682),"Brookland, Brentwood, Langdon","38.920682, -76.995876",20260
7th St & Massachusetts Ave NE,-76.99602,38.89222,-76.99602 38.89222,POINT (-76.99602 38.89222),"Union Station, Stanton Park, Kingman Park","38.89222, -76.99602",20549
1st & M St SE,-77.006072,38.876893,-77.006072 38.876893,POINT (-77.006072 38.876893),"Near Southeast, Navy Yard","38.876893, -77.006072",20003
3rd St & Pennsylvania Ave SE,-77.001955,38.887378,-77.001955 38.887378,POINT (-77.001955 38.887378),"Capitol Hill, Lincoln Park","38.887378, -77.001955",20003
Kingman Island/The Fields at RFK,-76.9678448436025,38.89595455700754,-76.9678448436025 38.89595455700754,POINT (-76.96784484360251 38.89595455700754),"Union Station, Stanton Park, Kingman Park","38.89595455700754, -76.9678448436025",20002-7230
16th & Q St SE / Anacostia HS,-76.9823685,38.87078966666667,-76.9823685 38.87078966666667,POINT (-76.98236850000001 38.87078966666667),"Twining, Fairlawn, Randle Highlands, Penn Branch, Fort Davis Park, Fort Dupont","38.87078966666667, -76.9823685",20020
Ohio Dr & West Basin Dr SW / MLK & FDR Memorials,-77.04657,38.88412,-77.04657 38.88412,POINT (-77.04657 38.88412),"National Mall, Potomac River","38.88412, -77.04657",20418
19th St & Pennsylvania Ave NW,-77.0429,38.9003,-77.0429 38.9003,POINT (-77.0429 38.9003),"Dupont Circle, Connecticut Avenue/K Street","38.9003, -77.0429",20006
Good Hope Rd & MLK Ave SE,-76.988039,38.867373,-76.988039 38.867373,POINT (-76.988039 38.867373),"Twining, Fairlawn, Randle Highlands, Penn Branch, Fort Davis Park, Fort Dupont","38.867373, -76.988039",20020
The Mall at Prince Georges,-76.95407633333333,38.9689845,-76.95407633333333 38.9689845,,,"38.9689845, -76.95407633333333",20782
3rd & Tingey St SE,-77.00237716666666,38.87483933333333,-77.00237716666666 38.87483933333333,POINT (-77.00237716666666 38.87483933333333),"Near Southeast, Navy Yard","38.87483933333333, -77.00237716666666",20590
28th St & S Meade St,-77.0693565,38.84630666666666,-77.0693565 38.84630666666666,,,"38.84630666666666, -77.0693565",22206
14th St & New York Ave NW,-77.031686,38.899632,-77.031686 38.899632,POINT (-77.03168599999999 38.899632),"Downtown, Chinatown, Penn Quarters, Mount Vernon Square, North Capitol Street","38.899632, -77.031686",20005
Pentagon City Metro / 12th St & S Hayes St,-77.059936,38.862303,-77.059936 38.862303,,,"38.862303, -77.059936",22202
Merrilee Dr & Lauren Elizabeth Lane,-77.230681,38.879355,-77.230681 38.879355,,,"38.879355, -77.230681",22031
18th & C St NW,-77.041544,38.893511,-77.041544 38.893511,POINT (-77.041544 38.893511),"National Mall, Potomac River","38.893511, -77.041544",20006
Thomas Jefferson St NW & Water/K St NW,-77.060173,38.902826,-77.060173 38.902826,POINT (-77.06017300000001 38.902826),"Georgetown, Burleith/Hillandale","38.902826, -77.060173",20566
W Columbia St & N Washington St,-77.16691516666667,38.88569133333333,-77.16691516666667 38.88569133333333,,,"38.88569133333333, -77.16691516666667",22046
Dunn Loring Metro,-77.2283005,38.882731666666665,-77.2283005 38.882731666666665,,,"38.882731666666665, -77.2283005",22180
Valley Ave & Wheeler Rd SE,-76.9936305,38.8367055,-76.9936305 38.8367055,POINT (-76.99363049999999 38.8367055),"Congress Heights, Bellevue, Washington Highlands","38.8367055, -76.9936305",20032
N Howard St & Taney Ave,-77.110014,38.815842,-77.110014 38.815842,,,"38.815842, -77.110014",22304
48th Pl & MacArthur Blvd NW,-77.095683,38.9170815,-77.095683 38.9170815,POINT (-77.09568299999999 38.9170815),"Spring Valley, Palisades, Wesley Heights, Foxhall Crescent, Foxhall Village, Georgetown Reservoir","38.9170815, -77.095683",20007
Ballenger Ave & Dulaney St,-77.063562,38.802677,-77.063562 38.802677,,,"38.802677, -77.063562",22314
15th St & N Scott St,-77.08095,38.89054,-77.08095 38.89054,,,"38.89054, -77.08095",22201
N Pitt St & Montgomery St,-77.04281687736511,38.81403111409755,-77.04281687736511 38.81403111409755,,,"38.81403111409755, -77.04281687736511",22314
13th & U St NW,-77.0296311378479,38.91693645323652,-77.0296311378479 38.91693645323652,POINT (-77.0296311378479 38.91693645323652),"Howard University, Le Droit Park, Cardozo/Shaw","38.91693645323652, -77.0296311378479",20010
10th St & Constitution Ave NW,-77.026013,38.893028,-77.026013 38.893028,POINT (-77.02601300000001 38.893028),"National Mall, Potomac River","38.893028, -77.026013",20224
13th & E St SE,-76.98790669441223,38.88291548476762,-76.98790669441223 38.88291548476762,POINT (-76.98790669441223 38.88291548476762),"Capitol Hill, Lincoln Park","38.88291548476762, -76.98790669441223",20003
Shady Grove Metro West,-77.166093,39.119765,-77.166093 39.119765,,,"39.119765, -77.166093",20855
Arlington Blvd & Fairfax Dr,-77.08426237106323,38.88625606692058,-77.08426237106323 38.88625606692058,,,"38.88625606692058, -77.08426237106323",22209
Anacostia Park,-76.9834,38.87335,-76.9834 38.87335,POINT (-76.9834 38.87335),"Twining, Fairlawn, Randle Highlands, Penn Branch, Fort Davis Park, Fort Dupont","38.87335, -76.9834",20020-4706
Aurora Hills Cmty Ctr / 18th St & S Hayes St,-77.05949,38.857866,-77.05949 38.857866,,,"38.857866, -77.05949",22202
Fleet St & Waterfront St,-77.016059,38.782633,-77.016059 38.782633,,,"38.782633, -77.016059",20745
61st St & Banks Pl NE,-76.913563,38.891805,-76.913563 38.891805,POINT (-76.913563 38.891805),"Deanwood, Burrville, Grant Park, Lincoln Heights, Fairmont Heights","38.891805, -76.913563",20019
Greensboro & Pinnacle Dr,-77.23034,38.92245,-77.23034 38.92245,,,"38.92245, -77.23034",22103
17th & Upshur St NW,-77.038684,38.942146,-77.038684 38.942146,POINT (-77.038684 38.942146),"Brightwood Park, Crestwood, Petworth","38.942146, -77.038684",20011
Inlet Ct & Wiehle Dr,-77.334359,38.965979,-77.334359 38.965979,,,"38.965979, -77.334359",20190
S Randolph St & Campbell Ave,-77.08887083333333,38.8406655,-77.08887083333333 38.8406655,,,"38.8406655, -77.08887083333333",22206
King Farm Blvd & Pleasant Dr,-77.171487,39.114688,-77.171487 39.114688,,,"39.114688, -77.171487",20850
15th & W St NW,-77.034449,38.9190185,-77.034449 38.9190185,POINT (-77.034449 38.9190185),"Howard University, Le Droit Park, Cardozo/Shaw","38.9190185, -77.034449",20010
20th & E St NW,-77.045,38.8963,-77.045 38.8963,POINT (-77.045 38.8963),"West End, Foggy Bottom, GWU","38.8963, -77.045",20009
19th & G St NW,-77.043182,38.898412,-77.043182 38.898412,POINT (-77.043182 38.898412),"West End, Foggy Bottom, GWU","38.898412, -77.043182",20006
Connecticut & Nebraska Ave NW,-77.069956,38.955016,-77.069956 38.955016,POINT (-77.069956 38.955016),"Hawthorne, Barnaby Woods, Chevy Chase","38.955016, -77.069956",20015
8th & Eye St SE / Barracks Row,-76.9953,38.8792,-76.9953 38.8792,POINT (-76.9953 38.8792),"Capitol Hill, Lincoln Park","38.8792, -76.9953",20003
E Montgomery Ave & Maryland Ave,-77.151291,39.084125,-77.151291 39.084125,,,"39.084125, -77.151291",20850
23rd & M St NW,-77.050264,38.905303,-77.050264 38.905303,POINT (-77.050264 38.905303),"West End, Foggy Bottom, GWU","38.905303, -77.050264",20036-5305
4th St & G St SW,-77.017658,38.881123,-77.017658 38.881123,POINT (-77.017658 38.881123),"Southwest Employment Area, Southwest/Waterfront, Fort McNair, Buzzard Point","38.881123, -77.017658",20024
22nd St & Constitution Ave NW,-77.048947,38.892441,-77.048947 38.892441,POINT (-77.048947 38.892441),"National Mall, Potomac River","38.892441, -77.048947",20037
Kansas Ave & Longfellow St NW,-77.013821,38.958098,-77.013821 38.958098,POINT (-77.01382099999999 38.958098),"Takoma, Brightwood, Manor Park","38.958098, -77.013821",20011
24th & R St NE / National Arboretum,-76.97198066666667,38.91264183333333,-76.97198066666667 38.91264183333333,POINT (-76.97198066666667 38.91264183333333),"Ivy City, Arboretum, Trinidad, Carver Langston","38.91264183333333, -76.97198066666667",20002
N Roosevelt St & Roosevelt Blvd,-77.153953,38.878085,-77.153953 38.878085,,,"38.878085, -77.153953",2204
North Capitol St & G Pl NE,-77.00927033333333,38.8996945,-77.00927033333333 38.8996945,POINT (-77.00927033333333 38.8996945),"Downtown, Chinatown, Penn Quarters, Mount Vernon Square, North Capitol Street","38.8996945, -77.00927033333333",20001
Anacostia Roller Skating Pavillion,-76.97093,38.878771,-76.97093 38.878771,POINT (-76.97093 38.878771),"Twining, Fairlawn, Randle Highlands, Penn Branch, Fort Davis Park, Fort Dupont","38.878771, -76.97093",20020-4706
S George Mason & Four Mile Run Dr,-77.105022,38.852248,-77.105022 38.852248,,,"38.852248, -77.105022",22204
Green Range Dr and Glade Dr,-77.36786842346191,38.93714618600706,-77.36786842346191 38.93714618600706,,,"38.93714618600706, -77.36786842346191",20191-2552
White House,-77.03792452812195,38.89550865931313,-77.03792452812195 38.89550865931313,POINT (-77.03792452812195 38.89550865931313),"National Mall, Potomac River","38.89550865931313, -77.03792452812195",20429
Barcroft Community Center,-77.1009886264801,38.85033657788445,-77.1009886264801 38.85033657788445,,,"38.85033657788445, -77.1009886264801",22204:22206
Washington-Liberty High School / N Stafford St & Generals Way,-77.111066,38.888282,-77.111066 38.888282,,,"38.888282, -77.111066",22203
Langston Blvd & N Woodstock St,-77.118009,38.898301,-77.118009 38.898301,,,"38.898301, -77.118009",22207
Wilson Blvd & N Illinois St ,-77.12712,38.876528,-77.12712 38.876528,,,"38.876528, -77.12712",22205
Langston Blvd & N Monroe St,-77.104562,38.896456,-77.104562 38.896456,,,"38.896456, -77.104562",22207
Bethesda Ave & Arlington Rd,-77.097426,38.981103,-77.097426 38.981103,,,"38.981103, -77.097426",20814
18th & L St NW,-77.04245209693909,38.90374145091938,-77.04245209693909 38.90374145091938,POINT (-77.04245209693909 38.90374145091938),"Dupont Circle, Connecticut Avenue/K Street","38.90374145091938, -77.04245209693909",20037
Iwo Jima Memorial / Meade & 14th St N,-77.07130416666666,38.889837,-77.07130416666666 38.889837,,,"38.889837, -77.07130416666666",22209
Connecticut Ave & McKinley St NW,-77.075157,38.9645295,-77.075157 38.9645295,POINT (-77.075157 38.9645295),"Hawthorne, Barnaby Woods, Chevy Chase","38.9645295, -77.075157",20015
21st & I St NW,-77.04644858837128,38.90071062547463,-77.04644858837128 38.90071062547463,POINT (-77.04644858837128 38.90071062547463),"West End, Foggy Bottom, GWU","38.90071062547463, -77.04644858837128",20037
McLean Metro,-77.20812678337097,38.92400207520182,-77.20812678337097 38.92400207520182,,,"38.92400207520182, -77.20812678337097",22102
Queens Chapel & Hamilton St,-76.9595,38.9546,-76.9595 38.9546,,,"38.9546, -76.9595",20781
39th & Calvert St NW / Stoddert,-77.077271,38.922649,-77.077271 38.922649,POINT (-77.077271 38.922649),"Cathedral Heights, McLean Gardens, Glover Park","38.922649, -77.077271",20007
Reston Regional Library,-77.358815,38.962095,-77.358815 38.962095,,,"38.962095, -77.358815",20190
Olde Crafts Dr and Cartwright Pl,-77.35394866666667,38.93885916666667,-77.35394866666667 38.93885916666667,,,"38.93885916666667, -77.35394866666667",20191
Offutt Ln & Chevy Chase Dr,-77.094589,38.977093,-77.094589 38.977093,,,"38.977093, -77.094589",20815
Mount Vernon Ave & E Del Ray Ave,-77.058541,38.82595,-77.058541 38.82595,,,"38.82595, -77.058541",223011
Eads St & 22nd St S,-77.05341160297394,38.85438051517749,-77.05341160297394 38.85438051517749,,,"38.85438051517749, -77.05341160297394",22202
Crystal Dr & 15th St S,-77.049417,38.861056,-77.049417 38.861056,,,"38.861056, -77.049417",22202
Greenbelt Station Parkway,-76.9162615,39.002462666666666,-76.9162615 39.002462666666666,,,"39.002462666666666, -76.9162615",20770
Nannie Helen Burroughs & Minnesota Ave NE,-76.94185966666667,38.901369,-76.94185966666667 38.901369,POINT (-76.94185966666667 38.901369),"Mayfair, Hillbrook, Mahaning Heights","38.901369, -76.94185966666667",20019
Riggs Rd & East West Hwy,-76.98057483333334,38.972511,-76.98057483333334 38.972511,,,"38.972511, -76.98057483333334",20912-7504
19th & Savannah St SE,-76.97703,38.84623,-76.97703 38.84623,POINT (-76.97703 38.84623),"Douglas, Shipley Terrace","38.84623, -76.97703",20020
Montgomery & East Ln,-77.09534916666667,38.98345316666666,-77.09534916666667 38.98345316666666,,,"38.98345316666666, -77.09534916666667",22814
Lake Newport Rd and Autumn Ridge Cir,-77.35344733333334,38.97849983333333,-77.35344733333334 38.97849983333333,,,"38.97849983333333, -77.35344733333334",20194
Rhodes St & 16th St N,-77.079375,38.892164,-77.079375 38.892164,,,"38.892164, -77.079375",22201
Troy St & 26th St S,-77.07514683333333,38.84805016666667,-77.07514683333333 38.84805016666667,,,"38.84805016666667, -77.07514683333333",22202-1500
Needwood Rd & Eagles Head Ct,-77.15741,39.123513,-77.15741 39.123513,,,"39.123513, -77.15741",20855
Frederick Ave & Horners Ln,-77.145213,39.094772,-77.145213 39.094772,,,"39.094772, -77.145213",20850
Columbus Ave & Gramercy Blvd,-77.16486,39.12333,-77.16486 39.12333,,,"39.12333, -77.16486",20880
Soapstone Dr Convenience Center,-77.345874,38.93051,-77.345874 38.93051,,,"38.93051, -77.345874",20191
3rd St & Riggs Rd NE,-77.00230933333333,38.95752083333333,-77.00230933333333 38.95752083333333,POINT (-77.00230933333333 38.95752083333333),"Lamont Riggs, Queens Chapel, Fort Totten, Pleasant Hill","38.95752083333333, -77.00230933333333",20011
1st & K St SE,-77.00572729110718,38.878854378063295,-77.00572729110718 38.878854378063295,POINT (-77.00572729110718 38.87885437806329),"Near Southeast, Navy Yard","38.878854378063295, -77.00572729110718",20003
Corporate Blvd & Omega Dr,-77.192645,39.106971,-77.192645 39.106971,,,"39.106971, -77.192645",20878-4816
Jones Branch & Westbranch Dr,-77.219261,38.931911,-77.219261 38.931911,,,"38.931911, -77.219261",22102
Kenmore Ave & Seminary Rd,-77.110588,38.828887,-77.110588 38.828887,,,"38.828887, -77.110588",22304
New Hampshire & Gallatin St NW,-77.012808,38.951596,-77.012808 38.951596,POINT (-77.01280800000001 38.951596),"Lamont Riggs, Queens Chapel, Fort Totten, Pleasant Hill","38.951596, -77.012808",20011
Commonwealth Ave & E Monroe Ave,-77.06282079219818,38.82005823354218,-77.06282079219818 38.82005823354218,,,"38.82005823354218, -77.06282079219818",22301
Ballston Metro / Stuart St & 9th St N,-77.111768,38.881044,-77.111768 38.881044,,,"38.881044, -77.111768",22230
Arlington Mill Cmty Center / Columbia Pike & S Dinwiddie St,-77.11153,38.856319,-77.11153 38.856319,,,"38.856319, -77.11153",22003:22204
Langston Blvd & N Scott St,-77.080851,38.897612,-77.080851 38.897612,,,"38.897612, -77.080851",22209
Jones Branch Drive & Scotts Crossing Rd,-77.215624,38.928502,-77.215624 38.928502,,,"38.928502, -77.215624",22102
Good Hope Rd & 14th St SE,-76.985238,38.866611,-76.985238 38.866611,POINT (-76.985238 38.866611),Historic Anacostia,"38.866611, -76.985238",20020
Bethesda Metro / Wisconsin Ave & Old Georgetown Rd,-77.094537,38.984691,-77.094537 38.984691,,,"38.984691, -77.094537",22814
Crystal Dr & 27th St S,-77.051514,38.848466,-77.051514 38.848466,,,"38.848466, -77.051514",22202
Dennis Ave & Amherst Ave,-77.04456299543381,39.02538719623632,-77.04456299543381 39.02538719623632,,,"39.02538719623632, -77.04456299543381",20902
Crescent Rd & Ridge Rd,-76.891247,39.006191,-76.891247 39.006191,,,"39.006191, -76.891247",20770
1st & Rhode Island Ave NW,-77.012289,38.915417,-77.012289 38.915417,POINT (-77.012289 38.915417),"Edgewood, Bloomingdale, Truxton Circle, Eckington","38.915417, -77.012289",20001
Ward Circle / American University,-77.08718883333333,38.9387795,-77.08718883333333 38.9387795,POINT (-77.08718883333333 38.9387795),"Spring Valley, Palisades, Wesley Heights, Foxhall Crescent, Foxhall Village, Georgetown Reservoir","38.9387795, -77.08718883333333",20016
1301 McCormick Dr / Wayne K. Curry Admin Bldg,-76.843263,38.908391,-76.843263 38.908391,,,"38.908391, -76.843263",20785
Anacostia Library,-76.97834833333333,38.865747,-76.97834833333333 38.865747,POINT (-76.97834833333333 38.865747),"Twining, Fairlawn, Randle Highlands, Penn Branch, Fort Davis Park, Fort Dupont","38.865747, -76.97834833333333",20020
Kenilworth Terrace & Hayes St. NE,-76.94732766666667,38.9004155,-76.94732766666667 38.9004155,POINT (-76.94732766666667 38.9004155),"Mayfair, Hillbrook, Mahaning Heights","38.9004155, -76.94732766666667",20019
Temporary Rd & Old Reston Ave,-77.353414,38.960084,-77.353414 38.960084,,,"38.960084, -77.353414",20190
2nd St & Massachusetts Ave NE,-77.003135,38.894972,-77.003135 38.894972,POINT (-77.003135 38.894972),"Union Station, Stanton Park, Kingman Park","38.894972, -77.003135",20002
Braddock Rd Metro,-77.052808,38.814577,-77.052808 38.814577,,,"38.814577, -77.052808",22314
Philadelphia & Maple Ave,-77.01125266666666,38.9812235,-77.01125266666666 38.9812235,,,"38.9812235, -77.01125266666666",20910
New York Ave & Hecht Ave NE,-76.983683,38.915604,-76.983683 38.915604,POINT (-76.983683 38.915604),"Ivy City, Arboretum, Trinidad, Carver Langston","38.915604, -76.983683",20242
Briggs Chaney Park & Ride,-76.9418666,39.0778751,-76.9418666 39.0778751,,,"39.0778751, -76.9418666",20866
Capitol Ave & Kendall St NE,-76.985854,38.910993,-76.985854 38.910993,POINT (-76.985854 38.910993),"Ivy City, Arboretum, Trinidad, Carver Langston","38.910993, -76.985854",20002
14th & Harvard St NW,-77.0322,38.9268,-77.0322 38.9268,POINT (-77.0322 38.9268),"Columbia Heights, Mt. Pleasant, Pleasant Plains, Park View","38.9268, -77.0322",20009
Golf Course Sq and Golf Course Dr,-77.353552,38.944013,-77.353552 38.944013,,,"38.944013, -77.353552",20191
Mississippi Ave & 19th St SE / THEARC,-76.97557,38.84377,-76.97557 38.84377,POINT (-76.97557 38.84377),"Douglas, Shipley Terrace","38.84377, -76.97557",20020
7th & E St SW,-77.021741,38.88345,-77.021741 38.88345,POINT (-77.02174100000001 38.88345),"Southwest Employment Area, Southwest/Waterfront, Fort McNair, Buzzard Point","38.88345, -77.021741",20219
10th & G St NW,-77.02623546123505,38.89824328774852,-77.02623546123505 38.89824328774852,POINT (-77.02623546123505 38.89824328774852),"Downtown, Chinatown, Penn Quarters, Mount Vernon Square, North Capitol Street","38.89824328774852, -77.02623546123505",20005
Wiehle Ave & Reston Station Blvd,-77.3393914103508,38.94660792121498,-77.3393914103508 38.94660792121498,,,"38.94660792121498, -77.3393914103508",2091
Georgia Ave and Fairmont St NW,-77.0222,38.9249,-77.0222 38.9249,POINT (-77.0222 38.9249),"Howard University, Le Droit Park, Cardozo/Shaw","38.9249, -77.0222",20059
20th & Columbia Rd NW,-77.045487,38.918036,-77.045487 38.918036,POINT (-77.04548699999999 38.918036),"Kalorama Heights, Adams Morgan, Lanier Heights","38.918036, -77.045487",20009
Connecticut Ave & Tilden St NW,-77.061977237463,38.94113915653008,-77.061977237463 38.94113915653008,POINT (-77.061977237463 38.94113915653008),"North Cleveland Park, Forest Hills, Van Ness","38.94113915653008, -77.061977237463",20008
N Oak St & W Broad St,-77.179832,38.88837,-77.179832 38.88837,,,"38.88837, -77.179832",22046
Largo Rd & Campus Way / Prince Georges's Comm Col,-76.825535,38.88994,-76.825535 38.88994,,,"38.88994, -76.825535",20774
8th & K St NE,-76.99514991079923,38.90273216425078,-76.99514991079923 38.90273216425078,POINT (-76.99514991079923 38.90273216425078),"Union Station, Stanton Park, Kingman Park","38.90273216425078, -76.99514991079923",20002
11th & Kenyon St NW,-77.027822,38.929464,-77.027822 38.929464,POINT (-77.027822 38.929464),"Columbia Heights, Mt. Pleasant, Pleasant Plains, Park View","38.929464, -77.027822",20010
Woodley Park Metro / Calvert St & Connecticut Ave NW,-77.051833,38.923389,-77.051833 38.923389,POINT (-77.051833 38.923389),"Cleveland Park, Woodley Park, Massachusetts Avenue Heights, Woodland-Normanstone Terrace","38.923389, -77.051833",20008
7th & S St NW,-77.0221745967865,38.9142043187298,-77.0221745967865 38.9142043187298,POINT (-77.0221745967865 38.9142043187298),"Howard University, Le Droit Park, Cardozo/Shaw","38.9142043187298, -77.0221745967865",20001
14th & R St NW,-77.032008,38.913046,-77.032008 38.913046,POINT (-77.032008 38.913046),"Shaw, Logan Circle","38.913046, -77.032008",2005
14th & D St SE,-76.9863852,38.8840581,-76.9863852 38.8840581,POINT (-76.9863852 38.8840581),"Capitol Hill, Lincoln Park","38.8840581, -76.9863852",20003
8th & F St NE,-76.994749,38.897274,-76.994749 38.897274,POINT (-76.994749 38.897274),"Union Station, Stanton Park, Kingman Park","38.897274, -76.994749",20002
Georgia & Missouri Ave NW,-77.027855,38.961339,-77.027855 38.961339,POINT (-77.027855 38.961339),"Takoma, Brightwood, Manor Park","38.961339, -77.027855",20012
Rolfe St & 9th St S,-77.076131,38.866471,-77.076131 38.866471,,,"38.866471, -77.076131",22204
Potomac Ave & Half St SW,-77.01081544160843,38.86968314861632,-77.01081544160843 38.86968314861632,POINT (-77.01081544160843 38.86968314861632),"Southwest Employment Area, Southwest/Waterfront, Fort McNair, Buzzard Point","38.86968314861632, -77.01081544160843",20024
14th St Heights / 14th & Crittenden St NW,-77.032818,38.947774,-77.032818 38.947774,POINT (-77.03281800000001 38.947774),"Brightwood Park, Crestwood, Petworth","38.947774, -77.032818",20542
3rd & Elm St NW,-77.01597,38.917622,-77.01597 38.917622,POINT (-77.01597 38.917622),"Howard University, Le Droit Park, Cardozo/Shaw","38.917622, -77.01597",20001
22nd & H St NW,-77.04885238395946,38.89892546716842,-77.04885238395946 38.89892546716842,POINT (-77.04885238395946 38.89892546716842),"West End, Foggy Bottom, GWU","38.89892546716842, -77.04885238395946",20052
Wisconsin Ave & O St NW,-77.0635805,38.90845066666667,-77.0635805 38.90845066666667,POINT (-77.0635805 38.90845066666667),"Georgetown, Burleith/Hillandale","38.90845066666667, -77.0635805",20007
Shady Grove Metro East,-77.164969,39.121327,-77.164969 39.121327,,,"39.121327, -77.164969",20880
Reston Pkwy & Spectrum Dr,-77.35428035259247,38.964207741006206,-77.35428035259247 38.964207741006206,,,"38.964207741006206, -77.35428035259247",20190
Woodglen Dr & Executive Blvd,-77.1135,39.04317,-77.1135 39.04317,,,"39.04317, -77.1135",20852
River Rd & Landy Ln,-77.103381,38.964992,-77.103381 38.964992,,,"38.964992, -77.103381",20816
Norfolk Ave & Fairmont St,-77.096539,38.988562,-77.096539 38.988562,,,"38.988562, -77.096539",22814
Columbia Pike & George Mason Dr,-77.10201859474182,38.85930561998234,-77.10201859474182 38.85930561998234,,,"38.85930561998234, -77.10201859474182",22204
Wilson Blvd. & N. Vermont St.,-77.11440333333333,38.8794345,-77.11440333333333 38.8794345,,,"38.8794345, -77.11440333333333",22230
N Veitch St & 20th St N,-77.086502,38.896923,-77.086502 38.896923,,,"38.896923, -77.086502",22201
Mount Vernon Ave & E Nelson Ave,-77.057619,38.820064,-77.057619 38.820064,,,"38.820064, -77.057619",22301
Madison St & Fairfax St,-77.04066983333334,38.8123165,-77.04066983333334 38.8123165,,,"38.8123165, -77.04066983333334",22314
Prince St & Union St,-77.040221,38.80311716666667,-77.040221 38.80311716666667,,,"38.80311716666667, -77.040221",22314
Wilson Blvd & N Quinn St,-77.07857,38.893993,-77.07857 38.893993,,,"38.893993, -77.07857",22205
Potomac Ave & 8th St SE,-76.994468,38.876737,-76.994468 38.876737,POINT (-76.994468 38.876737),"Near Southeast, Navy Yard","38.876737, -76.994468",20003
Wisconsin Ave & Ingomar St NW,-77.084636,38.958267,-77.084636 38.958267,POINT (-77.084636 38.958267),"Friendship Heights, American University Park, Tenleytown","38.958267, -77.084636",20007
Twinbrook Metro,-77.120776,39.062041,-77.120776 39.062041,,,"39.062041, -77.120776",20852
19th & E Street NW,-77.0436,38.8952,-77.0436 38.8952,POINT (-77.0436 38.8952),"National Mall, Potomac River","38.8952, -77.0436",20036
11th & Park Rd NW,-77.02824711799622,38.93132185874559,-77.02824711799622 38.93132185874559,POINT (-77.02824711799622 38.93132185874559),"Columbia Heights, Mt. Pleasant, Pleasant Plains, Park View","38.93132185874559, -77.02824711799622",20010
Fairfax Village,-76.952103,38.86559,-76.952103 38.86559,POINT (-76.95210299999999 38.86559),"Twining, Fairlawn, Randle Highlands, Penn Branch, Fort Davis Park, Fort Dupont","38.86559, -76.952103",20728
Fairfax Dr & N Randolph St,-77.109366,38.882629,-77.109366 38.882629,,,"38.882629, -77.109366",22201
Whiting & Lane Dr,-77.13595383333333,38.8098365,-77.13595383333333 38.8098365,,,"38.8098365, -77.13595383333333",22304
Hyattsville Library / Adelphi Rd & Toledo Rd,-76.9493,38.9698,-76.9493 38.9698,,,"38.9698, -76.9493",20782
37th & Ely Pl SE,-76.94973483333334,38.88295633333333,-76.94973483333334 38.88295633333333,POINT (-76.94973483333334 38.88295633333333),"River Terrace, Benning, Greenway, Dupont Park","38.88295633333333, -76.94973483333334",20019
Columbia Pike & S Oakland St,-77.09586,38.860789,-77.09586 38.860789,,,"38.860789, -77.09586",22204
Wisconsin Ave & Brandywine St NW,-77.08021083333334,38.94983083333333,-77.08021083333334 38.94983083333333,POINT (-77.08021083333334 38.94983083333333),"Friendship Heights, American University Park, Tenleytown","38.94983083333333, -77.08021083333334",20015
18th & Monroe St NE,-76.9795065,38.93288,-76.9795065 38.93288,POINT (-76.9795065 38.93288),"Brookland, Brentwood, Langdon","38.93288, -76.9795065",20018
Branch & Pennsylvania Ave SE,-76.95965333333334,38.869221333333336,-76.95965333333334 38.869221333333336,POINT (-76.95965333333334 38.86922133333334),"Twining, Fairlawn, Randle Highlands, Penn Branch, Fort Davis Park, Fort Dupont","38.869221333333336, -76.95965333333334",20020
4th St & Madison Dr NW,-77.01729983333334,38.890465,-77.01729983333334 38.890465,POINT (-77.01729983333334 38.890465),"National Mall, Potomac River","38.890465, -77.01729983333334",20565
17th & G St NW,-77.03954416666667,38.898384666666665,-77.03954416666667 38.898384666666665,POINT (-77.03954416666667 38.89838466666667),"West End, Foggy Bottom, GWU","38.898384666666665, -77.03954416666667",20006
Towers Crescent Dr & Tysons One Pl,-77.22019983333334,38.915265,-77.22019983333334 38.915265,,,"38.915265, -77.22019983333334",22102
South Lakes Dr and Reston Pkwy,-77.3624135,38.94336933333334,-77.3624135 38.94336933333334,,,"38.94336933333334, -77.3624135",20191-3407
Half & Water St SW,-77.010551,38.866277,-77.010551 38.866277,POINT (-77.01055100000001 38.866277),"Southwest Employment Area, Southwest/Waterfront, Fort McNair, Buzzard Point","38.866277, -77.010551",20024
Maryland Ave & E St NE,-76.99278563261032,38.8962260397813,-76.99278563261032 38.8962260397813,POINT (-76.99278563261032 38.8962260397813),"Union Station, Stanton Park, Kingman Park","38.8962260397813, -76.99278563261032",20002
19th St & Constitution Ave NW,-77.0436,38.8923,-77.0436 38.8923,POINT (-77.0436 38.8923),"National Mall, Potomac River","38.8923, -77.0436",20036
31st St & S Woodrow St,-77.0934784,38.8378458,-77.0934784 38.8378458,,,"38.8378458, -77.0934784",22206
Wheaton Metro / Georgia Ave & Reedie Dr,-77.050964,39.038370666666665,-77.050964 39.038370666666665,,,"39.038370666666665, -77.050964",20902
Park Run & Onyx Dr,-77.226644,38.92755,-77.226644 38.92755,,,"38.92755, -77.226644",22102
Key West Ave & Siesta Key Way,-77.194774,39.105295,-77.194774 39.105295,,,"39.105295, -77.194774",20850
19th & K St NW,-77.04337,38.902204,-77.04337 38.902204,POINT (-77.04337 38.902204),"Dupont Circle, Connecticut Avenue/K Street","38.902204, -77.04337",20036
Park Rd & Holmead Pl NW,-77.0315,38.9308,-77.0315 38.9308,POINT (-77.03149999999999 38.9308),"Columbia Heights, Mt. Pleasant, Pleasant Plains, Park View","38.9308, -77.0315",20010
Becontree Ln & Goldenrain Ct,-77.329282,38.966848,-77.329282 38.966848,,,"38.966848, -77.329282",20190
2nd & V St SW / James Creek Marina,-77.013814,38.863743,-77.013814 38.863743,POINT (-77.013814 38.863743),"Southwest Employment Area, Southwest/Waterfront, Fort McNair, Buzzard Point","38.863743, -77.013814",20373
23rd & E St NW ,-77.049882,38.896104,-77.049882 38.896104,POINT (-77.049882 38.896104),"West End, Foggy Bottom, GWU","38.896104, -77.049882",20037
St. Elizabeths West Campus/DHS,-77.005174,38.853124,-77.005174 38.853124,POINT (-77.005174 38.853124),Saint Elizabeths,"38.853124, -77.005174",20591
7th & K St NW,-77.021392,38.902674,-77.021392 38.902674,POINT (-77.02139200000001 38.902674),"Downtown, Chinatown, Penn Quarters, Mount Vernon Square, North Capitol Street","38.902674, -77.021392",20001
3rd & M st SE,-77.002161,38.876823,-77.002161 38.876823,POINT (-77.002161 38.876823),"Near Southeast, Navy Yard","38.876823, -77.002161",20003
8th & H St NE,-76.99489653110504,38.899941626884754,-76.99489653110504 38.899941626884754,POINT (-76.99489653110504 38.89994162688475),"Union Station, Stanton Park, Kingman Park","38.899941626884754, -76.99489653110504",20002
,-77.03,38.9,-77.03 38.9,POINT (-77.03 38.9),"Downtown, Chinatown, Penn Quarters, Mount Vernon Square, North Capitol Street","38.9, -77.03",20005
East Falls Church Metro / Sycamore St & 19th St N,-77.15642720460892,38.88532071975074,-77.15642720460892 38.88532071975074,,,"38.88532071975074, -77.15642720460892",22205
Rockville Pike & Old Georgetown Rd,-77.11368,39.049765,-77.11368 39.049765,,,"39.049765, -77.11368",20852
8th & East Capitol St NE,-76.995193,38.889988,-76.995193 38.889988,POINT (-76.995193 38.889988),"Capitol Hill, Lincoln Park","38.889988, -76.995193",20003
New Jersey Ave & F St NW,-77.011616,38.897108,-77.011616 38.897108,POINT (-77.011616 38.897108),"Downtown, Chinatown, Penn Quarters, Mount Vernon Square, North Capitol Street","38.897108, -77.011616",20001
Lincoln Memorial,-77.0494365,38.888255,-77.0494365 38.888255,POINT (-77.0494365 38.888255),"National Mall, Potomac River","38.888255, -77.0494365",20418
17th & K St NW / Farragut Square,-77.038322,38.902061,-77.038322 38.902061,POINT (-77.03832199999999 38.902061),"Dupont Circle, Connecticut Avenue/K Street","38.902061, -77.038322",20009
20th & O St NW / Dupont South,-77.04478,38.908905,-77.04478 38.908905,POINT (-77.04478 38.908905),"Dupont Circle, Connecticut Avenue/K Street","38.908905, -77.04478",20009
16th & Irving St NW,-77.03625,38.928893,-77.03625 38.928893,POINT (-77.03625 38.928893),"Columbia Heights, Mt. Pleasant, Pleasant Plains, Park View","38.928893, -77.03625",20009
East West Hwy & 16th St,-77.038721,38.995681,-77.038721 38.995681,,,"38.995681, -77.038721",20911
Norfolk & Rugby Ave,-77.100239,38.990639,-77.100239 38.990639,,,"38.990639, -77.100239",20814
New Jersey Ave & R St NW,-77.017669,38.912659,-77.017669 38.912659,POINT (-77.017669 38.912659),"Shaw, Logan Circle","38.912659, -77.017669",20005:20018
15th & Harvard St NW,-77.03542068600655,38.92612422246211,-77.03542068600655 38.92612422246211,POINT (-77.03542068600655 38.92612422246211),"Columbia Heights, Mt. Pleasant, Pleasant Plains, Park View","38.92612422246211, -77.03542068600655",20009
5th St & Massachusetts Ave NW,-77.018677,38.90093,-77.018677 38.90093,POINT (-77.018677 38.90093),"Downtown, Chinatown, Penn Quarters, Mount Vernon Square, North Capitol Street","38.90093, -77.018677",20001
14th & V St NW,-77.032096,38.9177645,-77.032096 38.9177645,POINT (-77.032096 38.9177645),"Howard University, Le Droit Park, Cardozo/Shaw","38.9177645, -77.032096",20010
Metro Center / 12th & G St NW,-77.027869,38.898364,-77.027869 38.898364,POINT (-77.027869 38.898364),"Downtown, Chinatown, Penn Quarters, Mount Vernon Square, North Capitol Street","38.898364, -77.027869",20005
14th & D St NW / Ronald Reagan Building,-77.031617,38.894514,-77.031617 38.894514,POINT (-77.031617 38.894514),"National Mall, Potomac River","38.894514, -77.031617",20004
15th & P St NW,-77.03442692756653,38.90980062655191,-77.03442692756653 38.90980062655191,POINT (-77.03442692756653 38.90980062655191),"Shaw, Logan Circle","38.90980062655191, -77.03442692756653",2005
Eisenhower Ave & Mill Race Ln,-77.068952,38.801111,-77.068952 38.801111,,,"38.801111, -77.068952",22332
Lincoln Rd & Seaton Pl NE/Harry Thomas Rec Center,-77.0078,38.915,-77.0078 38.915,POINT (-77.0078 38.915),"Edgewood, Bloomingdale, Truxton Circle, Eckington","38.915, -77.0078",20001
Trinidad Rec Center,-76.983221,38.906299,-76.983221 38.906299,POINT (-76.983221 38.906299),"Ivy City, Arboretum, Trinidad, Carver Langston","38.906299, -76.983221",20002
Kansas Ave & Sherman Cr NW,-77.02154964208603,38.94796174822241,-77.02154964208603 38.94796174822241,POINT (-77.02154964208603 38.94796174822241),"Brightwood Park, Crestwood, Petworth","38.94796174822241, -77.02154964208603",20011
Georgia Ave & Piney Branch Rd NW,-77.02795316666666,38.967515,-77.02795316666666 38.967515,POINT (-77.02795316666666 38.967515),"Takoma, Brightwood, Manor Park","38.967515, -77.02795316666666",20011
Vermont Ave & I St NW,-77.03445106744766,38.901136451737045,-77.03445106744766 38.901136451737045,POINT (-77.03445106744766 38.90113645173705),"Downtown, Chinatown, Penn Quarters, Mount Vernon Square, North Capitol Street","38.901136451737045, -77.03445106744766",20006
Washington & Independence Ave SW/HHS,-77.013769,38.886978,-77.013769 38.886978,POINT (-77.013769 38.886978),"Southwest Employment Area, Southwest/Waterfront, Fort McNair, Buzzard Point","38.886978, -77.013769",20215
17th St & Independence Ave SW,-77.038325,38.888097,-77.038325 38.888097,POINT (-77.038325 38.888097),"National Mall, Potomac River","38.888097, -77.038325",20227
Key West Ave & Great Seneca Hwy,-77.2039795,39.10570716666667,-77.2039795 39.10570716666667,,,"39.10570716666667, -77.2039795",20878-4816
Sligo Ave & Carroll Ln,-77.016311,38.990874,-77.016311 38.990874,,,"38.990874, -77.016311",20910
Eisenhower Ave & Ike Dr,-77.082463,38.802738,-77.082463 38.802738,,,"38.802738, -77.082463",22314
1st & K St NE,-77.005649,38.902386,-77.005649 38.902386,POINT (-77.00564900000001 38.902386),"Union Station, Stanton Park, Kingman Park","38.902386, -77.005649",20554
12th & L St NW,-77.0284,38.903819,-77.0284 38.903819,POINT (-77.0284 38.903819),"Downtown, Chinatown, Penn Quarters, Mount Vernon Square, North Capitol Street","38.903819, -77.0284",20005
Columbia Pike & S Walter Reed Dr,-77.086599,38.862478,-77.086599 38.862478,,,"38.862478, -77.086599",22204
3rd & M St NE,-77.0021304488182,38.90546971494327,-77.0021304488182 38.90546971494327,POINT (-77.00213044881821 38.90546971494327),"Union Station, Stanton Park, Kingman Park","38.90546971494327, -77.0021304488182",20002
Adams Mill & Columbia Rd NW,-77.042581,38.922925,-77.042581 38.922925,POINT (-77.042581 38.922925),"Kalorama Heights, Adams Morgan, Lanier Heights","38.922925, -77.042581",20009
Gallaudet / 8th St & Florida Ave NE,-76.9941,38.90509,-76.9941 38.90509,POINT (-76.9941 38.90509),"Ivy City, Arboretum, Trinidad, Carver Langston","38.90509, -76.9941",20001
Walter Reed Dr & 8th St S,-77.08787,38.86612,-77.08787 38.86612,,,"38.86612, -77.08787",22204:22206
Fort Totten Metro,-77.002721,38.952369,-77.002721 38.952369,POINT (-77.00272099999999 38.952369),"Lamont Riggs, Queens Chapel, Fort Totten, Pleasant Hill","38.952369, -77.002721",20011
Fairfax Dr & Wilson Blvd,-77.09779583333334,38.88583483333333,-77.09779583333334 38.88583483333333,,,"38.88583483333333, -77.09779583333334",22201
Fern St & Army Navy Dr,-77.056873,38.864838,-77.056873 38.864838,,,"38.864838, -77.056873",20310
Langston Blvd & N Adams St,-77.0890235,38.895957,-77.0890235 38.895957,,,"38.895957, -77.0890235",22201
Largo Town Center Metro,-76.844604,38.899811,-76.844604 38.899811,,,"38.899811, -76.844604",20785
Arlington Blvd & Ft Myer Dr,-77.074893,38.890863,-77.074893 38.890863,,,"38.890863, -77.074893",22209
Glebe Rd & 11th St N,-77.116817,38.883921,-77.116817 38.883921,,,"38.883921, -77.116817",22230
Vy Reston Heights,-77.35493366666667,38.949026,-77.35493366666667 38.949026,,,"38.949026, -77.35493366666667",20191
Takoma Park Rec Center,-76.98834533333333,38.98264566666667,-76.98834533333333 38.98264566666667,,,"38.98264566666667, -76.98834533333333",20783
Baron Cameron Ave & North Hampton Ave,-77.359341,38.966344,-77.359341 38.966344,,,"38.966344, -77.359341",20190
Ridge Rd Community Center,-76.940981,38.876227,-76.940981 38.876227,POINT (-76.94098099999999 38.876227),"Capitol View, Marshall Heights, Benning Heights","38.876227, -76.940981",20019
Library St & Freedom Dr,-77.358741,38.959633,-77.358741 38.959633,,,"38.959633, -77.358741",20191-3407
11th & H St NE,-76.991383,38.899983,-76.991383 38.899983,POINT (-76.991383 38.899983),"Union Station, Stanton Park, Kingman Park","38.899983, -76.991383",20002
Joyce St & 16th St S,-77.0632805,38.85930833333333,-77.0632805 38.85930833333333,,,"38.85930833333333, -77.0632805",22202
WAU / Flower Ave & Division St,-76.99998433333333,38.98671233333334,-76.99998433333333 38.98671233333334,,,"38.98671233333334, -76.99998433333333",20912
Powhatan St & Bashford Ln,-77.047783,38.818748,-77.047783 38.818748,,,"38.818748, -77.047783",22301-1645
Monroe Ave & Leslie Ave,-77.053096,38.820932,-77.053096 38.820932,,,"38.820932, -77.053096",22301
Potomac Ave & Swann Ave,-77.047844,38.829545,-77.047844 38.829545,,,"38.829545, -77.047844",22301-1645
Rockville Metro East,-77.145803,39.085394,-77.145803 39.085394,,,"39.085394, -77.145803",20850
Kennedy Center,-77.05557,38.897293,-77.05557 38.897293,POINT (-77.05557 38.897293),"National Mall, Potomac River","38.897293, -77.05557",20566
Lamont & Mt Pleasant NW,-77.0388,38.9319,-77.0388 38.9319,POINT (-77.03879999999999 38.9319),"Columbia Heights, Mt. Pleasant, Pleasant Plains, Park View","38.9319, -77.0388",20010
1st & Washington Hospital Center NW,-77.012457,38.928743,-77.012457 38.928743,POINT (-77.012457 38.928743),"Edgewood, Bloomingdale, Truxton Circle, Eckington","38.928743, -77.012457",20010
14th & L St NW,-77.031737,38.903658,-77.031737 38.903658,POINT (-77.03173700000001 38.903658),"Downtown, Chinatown, Penn Quarters, Mount Vernon Square, North Capitol Street","38.903658, -77.031737",20037
Southern Ave Metro,-76.9753,38.840107,-76.9753 38.840107,,,"38.840107, -76.9753",20032
11th & O St NW,-77.02714,38.90843,-77.02714 38.90843,POINT (-77.02714 38.90843),"Shaw, Logan Circle","38.90843, -77.02714",20001
California St & Florida Ave NW,-77.04062,38.917761,-77.04062 38.917761,POINT (-77.04062 38.917761),"Kalorama Heights, Adams Morgan, Lanier Heights","38.917761, -77.04062",20009
Wheaton Library & Community Rec Center,-77.0510969,39.0473228,-77.0510969 39.0473228,,,"39.0473228, -77.0510969",20902
14th St & Spring Rd NW,-77.0328,38.9375,-77.0328 38.9375,POINT (-77.03279999999999 38.9375),"Brightwood Park, Crestwood, Petworth","38.9375, -77.0328",20010
13th & H St NE,-76.98825001716614,38.90042673988099,-76.98825001716614 38.90042673988099,POINT (-76.98825001716614 38.90042673988099),"Union Station, Stanton Park, Kingman Park","38.90042673988099, -76.98825001716614",20002
4th & E St SW,-77.017445,38.88412,-77.017445 38.88412,POINT (-77.017445 38.88412),"Southwest Employment Area, Southwest/Waterfront, Fort McNair, Buzzard Point","38.88412, -77.017445",20546
Pennsylvania Ave & Park Ave,-77.1768935,38.88730983333333,-77.1768935 38.88730983333333,,,"38.88730983333333, -77.1768935",22046
Anacostia Ave & Benning Rd NE / River Terrace ,-76.96012,38.896544,-76.96012 38.896544,POINT (-76.96012 38.896544),"River Terrace, Benning, Greenway, Dupont Park","38.896544, -76.96012",20002-7230
3rd & Underwood St NW,-77.0162315,38.968823,-77.0162315 38.968823,POINT (-77.0162315 38.968823),"Takoma, Brightwood, Manor Park","38.968823, -77.0162315",20012
21st St & G st NW,-77.04691261053085,38.89830173667249,-77.04691261053085 38.89830173667249,POINT (-77.04691261053085 38.89830173667249),"West End, Foggy Bottom, GWU","38.89830173667249, -77.04691261053085",20052
15th St & Constitution Ave NW,-77.033234,38.892244,-77.033234 38.892244,POINT (-77.03323399999999 38.892244),"National Mall, Potomac River","38.892244, -77.033234",20230
Fort Stanton Rec Center,-76.97768801437633,38.85736903758752,-76.97768801437633 38.85736903758752,POINT (-76.97768801437633 38.85736903758752),Historic Anacostia,"38.85736903758752, -76.97768801437633",20020
Old Georgetown Rd & Southwick St,-77.109647,38.999634,-77.109647 38.999634,,,"38.999634, -77.109647",20891
Friendship Hts Metro / Wisconsin Ave & Wisconsin Cir,-77.085998,38.961763,-77.085998 38.961763,,,"38.961763, -77.085998",20016-2137
Georgia Ave & Spring St,-77.031555,38.999388,-77.031555 38.999388,,,"38.999388, -77.031555",20012
Eads St & 15th St S,-77.05323,38.858971,-77.05323 38.858971,,,"38.858971, -77.05323",22202
Pooks Hill Rd & Linden Ave,-77.107143,39.014716,-77.107143 39.014716,,,"39.014716, -77.107143",20814
Stanton Square SE,-76.984512,38.855004,-76.984512 38.855004,POINT (-76.984512 38.855004),"Sheridan, Barry Farm, Buena Vista","38.855004, -76.984512",20020
New Hampshire & Lockwood,-76.991824,39.039102,-76.991824 39.039102,,,"39.039102, -76.991824",20904
George Mason Dr & Wilson Blvd,-77.1207,38.87887,-77.1207 38.87887,,,"38.87887, -77.1207",22203
Washington Blvd & N Frederick St,-77.127671,38.884829,-77.127671 38.884829,,,"38.884829, -77.127671",22205
Fairway Dr & Hook Rd,-77.342546,38.963314,-77.342546 38.963314,,,"38.963314, -77.342546",20190
South Gate Community Center,-77.366499,38.941496,-77.366499 38.941496,,,"38.941496, -77.366499",20191
Stewart & April,-76.9811552,39.0449444,-76.9811552 39.0449444,,,"39.0449444, -76.9811552",20904
Merrifield Cinema & Merrifield Town Center,-77.23009016666667,38.87009166666667,-77.23009016666667 38.87009166666667,,,"38.87009166666667, -77.23009016666667",22031
Georgia Ave & Morton St NW,-77.0235,38.932128,-77.0235 38.932128,POINT (-77.0235 38.932128),"Columbia Heights, Mt. Pleasant, Pleasant Plains, Park View","38.932128, -77.0235",20010
Falls Church City Hall / Park Ave & Little Falls St,-77.173605,38.885434,-77.173605 38.885434,,,"38.885434, -77.173605",22046
Tenleytown / Wisconsin Ave & Albemarle St NW,-77.079382,38.947607,-77.079382 38.947607,POINT (-77.079382 38.947607),"Friendship Heights, American University Park, Tenleytown","38.947607, -77.079382",20007
S Arlington Mill Dr & Campbell Ave,-77.089555,38.84232,-77.089555 38.84232,,,"38.84232, -77.089555",22206
Radford St & Osage St,-77.086031,38.828437,-77.086031 38.828437,,,"38.828437, -77.086031",22302
Saint Asaph St & Madison St,-77.044097,38.812718,-77.044097 38.812718,,,"38.812718, -77.044097",22314
11th & F St NW,-77.026975,38.897857,-77.026975 38.897857,POINT (-77.02697499999999 38.897857),"Downtown, Chinatown, Penn Quarters, Mount Vernon Square, North Capitol Street","38.897857, -77.026975",20001
King Farm Blvd & Piccard Dr,-77.182669,39.110314,-77.182669 39.110314,,,"39.110314, -77.182669",20850
West Hyattsville Metro,-76.968084,38.955349,-76.968084 38.955349,,,"38.955349, -76.968084",20782
Crystal Dr & 20th St S,-77.049232,38.856425,-77.049232 38.856425,,,"38.856425, -77.049232",22202
New Hampshire Ave & T St NW,-77.038252,38.915544,-77.038252 38.915544,POINT (-77.038252 38.915544),"Dupont Circle, Connecticut Avenue/K Street","38.915544, -77.038252",20009
Langston Blvd & N Kirkwood St,-77.09713,38.895377,-77.09713 38.895377,,,"38.895377, -77.09713",22201
Meridian High School / Haycock Rd & Leesburg Pike,-77.190275,38.895172,-77.190275 38.895172,,,"38.895172, -77.190275",22043
Key West Ave & Diamondback Dr,-77.202354,39.106152,-77.202354 39.106152,,,"39.106152, -77.202354",20878-4816
Spring Hill Metro,-77.240654,38.929261,-77.240654 38.929261,,,"38.929261, -77.240654",22102
Castle Blvd & Castle Ln,-76.9405295,39.08504916666666,-76.9405295 39.08504916666666,,,"39.08504916666666, -76.9405295",20866
18th St & Pennsylvania Ave NW,-77.041539,38.89968,-77.041539 38.89968,POINT (-77.041539 38.89968),"Dupont Circle, Connecticut Avenue/K Street","38.89968, -77.041539",20006
Georgetown Harbor / 30th St NW,-77.0591415,38.902314,-77.0591415 38.902314,POINT (-77.0591415 38.902314),"Georgetown, Burleith/Hillandale","38.902314, -77.0591415",20007
S Glebe Rd & Potomac Ave,-77.0502,38.8426,-77.0502 38.8426,,,"38.8426, -77.0502",23305
3000 Connecticut Ave NW / National Zoo,-77.05560933333334,38.930354666666666,-77.05560933333334 38.930354666666666,POINT (-77.05560933333334 38.93035466666667),"Cleveland Park, Woodley Park, Massachusetts Avenue Heights, Woodland-Normanstone Terrace","38.930354666666666, -77.05560933333334",20015
Virginia Square Metro / Monroe St & 9th St N,-77.103148,38.882788,-77.103148 38.882788,,,"38.882788, -77.103148",22201
20th St & Florida Ave NW,-77.0446,38.9154,-77.0446 38.9154,POINT (-77.0446 38.9154),"Kalorama Heights, Adams Morgan, Lanier Heights","38.9154, -77.0446",20009-5540
Florida Ave & R St NW,-77.0135,38.9126,-77.0135 38.9126,POINT (-77.01349999999999 38.9126),"Edgewood, Bloomingdale, Truxton Circle, Eckington","38.9126, -77.0135",20008
13th & D St NE,-76.987633,38.894832,-76.987633 38.894832,POINT (-76.987633 38.894832),"Union Station, Stanton Park, Kingman Park","38.894832, -76.987633",20002
3rd & D St SE,-77.0023,38.8851,-77.0023 38.8851,POINT (-77.00230000000001 38.8851),"Capitol Hill, Lincoln Park","38.8851, -77.0023",20003
15th & M St NW,-77.034674,38.905424,-77.034674 38.905424,POINT (-77.034674 38.905424),"Dupont Circle, Connecticut Avenue/K Street","38.905424, -77.034674",20420
Madison St & N Henry St,-77.049468,38.813485,-77.049468 38.813485,,,"38.813485, -77.049468",22314
Tanger Outlets,-77.0026,38.7968,-77.0026 38.7968,,,"38.7968, -77.0026",20745
Ridge Heights Rd & Seahawks Dr,-77.337775,38.936061,-77.337775 38.936061,,,"38.936061, -77.337775",20191
Reston YMCA,-77.368416,38.955314,-77.368416 38.955314,,,"38.955314, -77.368416",20190-3208
Connecticut Ave & Chevy Chase Lake Dr,-77.076986,38.994113,-77.076986 38.994113,,,"38.994113, -77.076986",20815
5th & K St NW,-77.019027,38.90304,-77.019027 38.90304,POINT (-77.01902699999999 38.90304),"Downtown, Chinatown, Penn Quarters, Mount Vernon Square, North Capitol Street","38.90304, -77.019027",20001
Wilson Blvd & N Troy St,-77.082089,38.892556,-77.082089 38.892556,,,"38.892556, -77.082089",22205
Commonwealth Ave & Oak St,-77.061715,38.812711,-77.061715 38.812711,,,"38.812711, -77.061715",22314
W&OD Trail & Langston Blvd,-77.156427,38.885321,-77.156427 38.885321,,,"38.885321, -77.156427",22205
